,description,en,fr,pl,ru,es,it,ga,fil,de,tr,id,pt,jp,zh
LANGUAGE_NAME,,English,Français,Polski,pУcckий,Español,Italiano,ＧＡＬＡＣＴＩＣ ＡＬＰＨＡＢＥＴ,Filipino,Deutsch,Türkçe,Indonesia,Português Brasileiro,にほんご,简体中文
ACCENTS_USED,,n/a,é; è; ê; ç; à; î; ù; ï,ą; ę; ó; ś; ć; ń; ż; ź; ł,б; г; д; ё; ж; з; и; й; л; п; У; ф; ц; ч; ш; щ; ъ; ы; ь; э; ю; я,á; é; í; ó; ú,à; è; é; ì; ò; ,Ｎ/Ａ,n/a,"ä, ü, ö","ç, ş, ğ, ı, İ, ö, ü",n/a,"ç, á, é, í, ó, ú, à, â, ê, î, ô, ã, õ","に,ほ,ん,ご,あ,そ,ぶ,オ,プ,シ,ョ,ン,や,め,る,免,責,事,項,は,非,営,利,の,フ,ァ,ゲ,ー,ム,で,り,、,絶,対,販,売,し,て,な,ま,せ,。,リ,ジ,ナ,ル,公,式,代,替,品,と,機,能,す,も,を,通,じ,遊,こ,が,き,開,発,元,お,よ,び,関,連,べ,団,体,（,任,天,度,）,提,携,た,承,認,受,け,い,表,示,さ,れ,ソ,ス,正,用,目,的,変,形,適,熱,心,っ,作,成,へ,愛,情,ふ,ω,！,え,ら,マ,ペ,ャ,イ,ト,ニ,ッ,ポ,カ,タ,テ,モ,ド,チ,レ,ラ,く,つ,づ,か,ワ,ク,エ,キ,ノ,ピ,コ,メ,ュ,サ,ゅ,う,げ,ぞ,デ,ィ,グ,ど,ボ,ロ,パ,ウ,ブ,ケ,ダ,セ,ズ,ひ,ば,ち,む,　,ょ,ア,ェ,・,ず,ゴ,バ,ザ,ぎ,わ,ォ,：,ゾ,だ,み,ろ,ぼ,ツ,ね,ミ,「,」,ヤ,ざ,ゆ,ヒ,ヨ,ぜ,ぬ,ハ,ガ,ぷ,ネ,ベ,ビ,～",·;…;。;《;》;「;」;一;万;上;下;不;与;世;丛;丝;个;中;丸;为;主;久;么;义;之;乐;习;书;了;事;二;云;交;亦;享;人;仅;从;仙;代;以;们;件;价;任;伙;会;传;伤;伴;伸;但;位;住;体;何;余;作;你;佳;使;便;保;修;停;偶;像;允;兄;免;全;公;共;关;兵;其;具;典;内;冒;农;冠;冰;出;击;分;切;列;则;创;删;利;别;到;制;刷;刹;刺;前;剩;力;功;加;务;动;励;勃;包;化;匙;区;升;半;卓;单;卡;即;厉;原;及;友;反;发;受;变;口;句;另;只;可;台;右;号;合;吉;吊;同;后;向;吞;吧;启;告;员;周;命;和;咚;售;唯;喷;器;回;园;固;国;图;圈;在;地;场;均;块;坡;垂;型;城;域;基;堂;堡;墙;士;声;处;复;外;多;夜;大;天;太;失;头;夹;奇;奖;奥;如;姆;始;姬;子;字;季;宇;完;官;宙;定;宝;实;客;害;宵;家;容;宽;对;寻;导;封;射;将;小;尔;尖;就;尽;层;居;屋;屏;山;岁;岩;巢;工;左;差;已;巴;币;帜;带;干;平;并;幸;幻;幽;广;床;序;应;底;度;座;建;开;式;引;弟;弹;强;当;形;彩;影;役;征;很;得;心;态;性;情;想;意;感;慢;戏;成;我;或;战;房;所;扇;手;打;扳;找;投;拉;招;择;拯;持;按;挑;挥;换;据;掉;掌;排;推;掷;操;擎;收;放;故;效;敌;敏;救;数;整;文;斗;斜;斧;新;方;旅;旋;旗;无;日;时;明;易;星;是;晚;景;暂;更;替;最;月;有;服;期;木;未;本;朵;机;杆;束;条;来;松;板;林;果;柄;染;查;柱;柿;标;树;栗;格;框;桥;桶;梁;梦;检;棒;模;横;次;欢;欧;款;歉;止;正;此;步;段;每;毒;比;水;永;沙;没;法;泡;活;派;浆;测;浏;海;消;液;深;添;渲;游;源;滑;滚;滩;演;漠;漫;激;火;灵;炮;炸;点;烦;热;焰;燃;版;牌;物;特;状;狩;猎;献;王;玩;现;珂;球;理;甜;生;用;由;画;界;白;的;盔;盖;盘;目;直;相;真;短;砖;确;碎;碧;碰;神;禁;秋;秒;移;程;空;窗;竞;端;符;第;签;简;管;簧;粉;粒;糕;糟;素;索;红;级;练;细;终;经;结;给;绝;继;绩;续;绳;绿;缓;编;缩;置;美;羞;翅;者;而;职;联;背;膀;自;至;致;艇;色;花;若;英;荐;莫;获;菇;菜;营;落;蓝;藏;蘑;虹;蜂;蝇;蟹;行;表;装;要;见;视;览;觉;角;解;言;警;计;认;让;许;设;评;试;详;语;误;诺;调;谊;谢;象;责;败;贩;资;赛;赠;走;超;越;跃;跑;距;路;跳;蹦;身;车;轨;转;载;辆;辑;边;过;迎;运;返;这;进;退;送;选;途;通;速;道;那;邦;部;都;酷;里;重;量;金;钟;钢;钥;钮;铜;银;铺;锁;锐;错;锤;键;长;门;闭;问;间;阱;阴;降;限;陡;除;险;陷;隐;难;雄;集;雪;需;霸;非;面;音;页;顶;顺;预;领;频;题;额;风;飞;食;饰;马;验;骑;高;鬼;鱼;鱿;黄;黑;鼠;鼹;龟;！;（;）;，;：;？;
TRANSLATOR(S),,JoeMama (me!),Makerk6,Cube,SlavaWOW,Speedymcfly,TRIPPE,ＪＯＥＭＡＭＡ (ＭＥ!),VannyArts,TheOliveOli,_Apostrophe,TBB,Chryss The Crystalball,EdwrinLb (Skopler),ruusuge
MENU_PLAY_GAME,,Play Game,Commencer,Zacznij Grę,Игpatь,Jugar,Gioca,ＰＬＡＹ ＧＡＭＥ,Maglaro,Starten,Başla,Mainkan Game,Jogar,あそぶ,开始游戏
MENU_SETTINGS,,Settings,Paramètres,Ustawienia,hactpoйkи,Configuración,Opzioni,ＳＥＴＴＩＮＧＳ,Opsyon,Einstellungen,Ayarlar,Pengaturan,Configurações,オプション,设置
MENU_QUIT_GAME,,Quit Game,Quitter,Wyjdź z Gry,bыйtи,Salir del Juego,Esci,ＱＵＩＴ ＧＡＭＥ,Umalis,Beenden,Oyundan Çık,Keluar Game,Sair,やめる,退出游戏
TITLE_DISCLAIMER,,Disclaimer,Clause de non-responsabilité,Ostrzeżenie,Диckлeйmep,Aviso,Avviso,ＤＩＳＣＬＡＩＭＥＲ,Pahintulot,Hinweis,Sorumluluk Reddİ,Peringatan,Aviso,免責事項,免责声明
TITLE_DISCLAIM_1,dont sue ,"Super Mario Bros Remastered is a not-for-profit fangame, and should never ever be sold.

It does not serve as a substitute to playing any of the original games.

Super Mario Bros 1 and 2, can be played now on Nintendo Switch through Nintendo Switch Online.","""Super Mario Bros. Remastered"" est un jeu conçu par un fan, a un caractère non lucratif et ne devrait en aucun cas être revendu.

Il n'est pas destiné à remplacer les jeux originaux.

Super Mario Bros. 1 et 2, sont jouables sur Nintendo Switch via le Nintendo Switch Online","Super Mario Bros. Remastered jest bezprofitową grą fanową and nigdy nie powinna być sprzedawana.

Nie ma w celu zastąpić oryginalne gry.

Super Mario Bros. 1 oraz 2 można zagrać teraz na Nintendo Switch przez Nintendo Switch Online.","Super Mario Bros. Remastered - hekommepчeckaя фah-игpa, kotopaя hиkoгдa he дoлжha пpoдabatьcя. 

oha he cлУжиt aльtephatиboй hи oдhoй из kлaccичeckиx игp.

b Super Mario Bros 1 и 2, moжho cыгpatь ha Nintendo Switch чepeз Nintendo Switch Online.","Super Mario Bros Remastered es un fangame sin ánimo de lucro, y nunca jamás debería ponerse a la venta.

No sirve como un sustituto para jugar los juegos originales.

Super Mario Bros 1 y The Lost Levels ya se pueden jugar en Nintendo Switch a través de Nintendo Switch Online.","Super Mario Bros. Remastered è un fangame realizzato senza scopo di lucro, e non dovrebbe mai essere venduto.

Il suo scopo non è quello di sostituire nessuno dei giochi originali.

Super Mario Bros 1 e 2, possono essere giocati ora su Nintendo Switch tramite Nintendo Switch Online.","ＳＵＰＥＲ ＭＡＲＩＯ ＢＲＯＳ ＲＥＭＡＳＴＥＲＥＤ ＩＳ Ａ ＮＯＴ-ＦＯＲ-ＰＲＯＦＩＴ ＦＡＮＧＡＭＥ, ＡＮＤ ＳＨＯＵＬＤ ＮＥＶＥＲ ＥＶＥＲ ＢＥ ＳＯＬＤ.

ＩＴ ＤＯＥＳ ＮＯＴ ＳＥＲＶＥ ＡＳ Ａ ＳＵＢＳＴＩＴＵＴＥ ＴＯ ＰＬＡＹＩＮＧ ＡＮＹ ＯＦ ＴＨＥ ＯＲＩＧＩＮＡＬ ＧＡＭＥＳ.

ＳＵＰＥＲ ＭＡＲＩＯ ＢＲＯＳ 1 ＡＮＤ 2, ＣＡＮ ＢＥ ＰＬＡＹＥＤ ＮＯＷ ＯＮ ＮＩＮＴＥＮＤＯ ＳＷＩＴＣＨ ＴＨＲＯＵＧＨ ＮＩＮＴＥＮＤＯ ＳＷＩＴＣＨ ＯＮＬＩＮＥ.","Ang Super Mario Bros Remastered ay isang not-for-profit fangame, at hindi dapat pagkakitaan.

Hindi ito pamalit sa anumang original games na gawa ng Nintendo.

Ang Super Mario Bros 1 at sequel nito ay pwedeng laruing sa Nintendo Switch through Nintendo Switch Online.","Super Mario Bros. Remastered ist ein Nicht-Profit-Fangame, es soll nicht weiterverkauft werden.

Das Spiel dient nicht als Ersatz für die Originalspiele.

Super Mario Bros. 1 und 2 sind über Nintendo Switch Online spielbar.","Super Marİo Bros Remastered kar amacı olmayan bİr fangame'dİr ve asla satılmamalıdır.

Orİjİnal oyunlardan herhangİ bİrİnİ oynamanın yerİne geçmez.

Super Marİo Bros 1 ve 2, Nİntendo Swİtch Onlİne aracılığıyla şİmdİ Nİntendo Swİtch'te oynanabİlİr.","Super Mario Bros Remastered adalah fangame yang tidak dijual dan tidak akan dijual.
 
Remastered ini tidak dapat menggantikan game aslinya.

Super Mario Bros 1 dan 2 bisa dimainkan di Nintendo Switch melalui Nintendo Switch Online.","Super Mario Bros Remastered é uma fangame não-paga, e nunca deve ser vendida","Super Mario Bros. Remasteredは非営利のファンゲームであり、絶対に販売してはなりません。

オリジナルの公式ゲームの代替品として機能するものではありません。

Nintendo Switch Onlineを通じて、Nintendo SwitchでSuper Mario Bros. 1とSuper Mario Bros. 2を遊ぶことができます。","《超级马力欧兄弟 重制版》是一款非营利同人游戏，绝对不得贩售。

本游戏不替代任何官方原作。

《超级马力欧兄弟》及《失落的关卡》现可通过 Nintendo Switch Online 在 Nintendo Switch 上游玩。"
TITLE_DISCLAIM_2,"please, DO NOT SUE","Super Mario Bros Remastered. Its developer, and all related entities are not affiliated with or endorsed by Nintendo. Resources which appear in this game are used for the purpose of fair use, with transformative applications being applied.

This game merely serves as a love letter to the original game, made by a passionate fan :)","Le développeur de ""Super Mario Bros. Remastered"" et toutes les entités connexes ne sont pas affiliés ou approuvés par Nintendo. Les ressources qui apparaissent dans ce jeu sont utilisées à des fins d’utilisation équitable, avec des applications transformatrices.

Ce jeu sert simplement de lettre d’amour au jeu original, faite par un fan passionné :)","Super Mario Bros. Remastered, jego twórca oraz wszystkie powiązane podmioty nie są powiązani ani wspierani przez Nintendo. Zasoby używane w grze są wykorzystywane w celach niekomercyjnych, z wprowadzonymi transformacyjnymi zmianami.

Ta gra ma jedynie służyć jako list miłosny do oryginalnej gry, stworzony przez pasjonującego się fana :)","paзpaбotчиk Super Mario Bros Remastered. и cbязahhыe c hиm opгahизaции he иmeюt hиkakoгo othoшehия c Nintendo. pecУpcы b игpe иcпoльзУюtcя b kaчectbe ""дoбpocobecthoгo иcпoльзobahия"" c пpиmehehиem texhoлoгий пpeoбpaзobahия.


Эta игpa пpocto cлУжиt любobhыm пиcьmom k opигиhaльhoй игpe, cдeлahhыm ctpacthыm фahatom :)","Super Mario Bros Remastered. Su desarrollador y todas las entidades relacionadas no están afiliadas ni respaldadas por Nintendo. Los recursos que aparecen en este juego se utilizan para el uso libre (Fair Use), aplicándose aplicaciones transformativas.

Este juego sirve meramente como una carta de amor al juego original, hecho por un fan apasionado :)","Super Mario Bros. Remastered, il suo sviluppatore, e tutte le entità associate NON sono affiliate a Nintendo. Le risorse presenti nel gioco sono state utilizzate nel rispetto del fair use.

Questo gioco serve semplicemente come una lettera d'amore al gioco originale, fatta da un fan appassioanto :)","ＳＵＰＥＲ ＭＡＲＩＯ ＢＲＯＳ ＲＥＭＡＳＴＥＲＥＤ. ＩＴＳ ＤＥＶＥＬＯＰＥＲ, ＡＮＤ ＡＬＬ ＲＥＬＡＴＥＤ ＥＮＴＩＴＩＥＳ ＡＲＥ ＮＯＴ ＡＦＦＩＬＩＡＴＥＤ ＷＩＴＨ ＯＲ ＥＮＤＯＲＳＥＤ ＢＹ ＮＩＮＴＥＮＤＯ. ＲＥＳＯＵＲＣＥＳ ＷＨＩＣＨ ＡＰＰＥＡＲ ＩＮ ＴＨＩＳ ＧＡＭＥ ＡＲＥ ＵＳＥＤ ＦＯＲ ＴＨＥ ＰＵＲＰＯＳＥ ＯＦ ＦＡＩＲ ＵＳＥ, ＷＩＴＨ ＴＲＡＮＳＦＯＲＭＡＴＩＶＥ ＡＰＰＬＩＣＡＴＩＯＮＳ ＢＥＩＮＧ ＡＰＰＬＩＥＤ.

ＴＨＩＳ ＧＡＭＥ ＭＥＲＥＬＹ ＳＥＲＶＥＳ ＡＳ Ａ ＬＯＶＥ ＬＥＴＴＥＲ ＴＯ ＴＨＥ ＯＲＩＧＩＮＡＬ ＧＡＭＥ, ＭＡＤＥ ＢＹ Ａ ＰＡＳＳＩＯＮＡＴＥ ＦＡＮ :)","Ang Super Mario Bros Remastered. Ang developer nito, at ang lahat ng tumulong dito ay hindi affiliated with or endorsed ng Nintendo. Ang mga resources na ginamit sa game na ito ay for the purpose of fair use, at dinagdagan ng transformative applications.

Ginawa ang game na to as love letter sa original game ng isang passionate fan :)","Super Mario Bros. Remastered, der Entwickler, und alle weiteren Beteiligten haben keinerlei Verbindung zu Nintendo. Die Benutzung der in diesem Spiel vorkommenden Ressourcen gilt als faire Nutzung (Fair Use) und falls nötig, wird mit Veränderungen angewendet.

Dieses Spiel dient als Liebesbrief für das Original, von einem begeisterten Fan :)","Super Marİo Bros Remastered. Gelİştİrİcİsİ ve İlgİlİ tüm kuruluşlar Nİntendo'ya bağlı değİldİr veya Nİntendo tarafından desteklenmemektedİr. Bu oyunda görünen kaynaklar, dönüştürücü uygulamalar uygulanarak adİl kullanım amacıyla kullanılmıştır.

Bu oyun sadece Nİntendo tarafından yapılan orİjİnal oyuna bİr teşekkür mektubu olarak hİzmet vermektedİr :)","Super Mario Bros Remastered. Pengembangnya, dan semua entitas terkait, tidak berafiliasi atau didukung oleh Nintendo. Sumber daya yang muncul dalam game ini digunakan untuk tujuan penggunaan wajar, dengan aplikasi transformatif yang diterapkan.

Game ini hanyalah sebuah surat cinta untuk game aslinya, yang dibuat oleh seorang penggemar berat :)","Super Mario Bros Remastered. Seu criador, e todas suas entidades não são afiliadas ou endossadas com a Nintendo. Recursos nos quais aparecem nesse jogo são usados para o propósito de serem usados justamente, com aplicações transformadoras sendo aplicadas.","Super Mario Bros. Remastered、このゲームの開発元および関連するすべての団体は、Nintendo（任天度）と提携または承認を受けていません。このゲームに表示されるリソースは、公正な利用の目的で、変形的な利用が適用されています。

このゲームは、熱心なファンによって作成された、オリジナルゲームへの愛情あふれる作品です。(^ω^)","《超级马力欧兄弟 重制版》的开发者和所有相关实体与任天堂无任何关联，亦未获得其认可。游戏中出现的资源均以合理使用为目的，并进行了转化性应用。

本游戏仅是由热情粉丝献给原作的一封情书 :)"
TITLE_DISCLAIM_3,,Enjoy!,Profitez bien !,Miłej gry!,hacлaждaйtecь!,Disfrute!,Buon divertimento!,ＥＮＪＯＹ!,Enjoy!,Viel Spass!,Keyfİnİ Çıkar!,Selamat Menikmati!,Aproveite!,たのしんで！,尽情享受吧！
MENU_GAME_SELECT,,Select Game,Selectionnez un jeu,Wybierz Grę,bыбepиte ИгpУ,Seleccionar juego,Seleziona il gioco,ＳＥＬＥＣＴ ＧＡＭＥ,Pumili ng game,Spiel wählen,Oyun Seç,Pilih Permainan,Selecione o Jogo,ゲームをえらぶ,选择游戏
CAMPAIGN_SMB1,,Super Mario Bros.,Super Mario Bros.,Super Mario Bros.,Super Mario Bros.,Super Mario Bros.,Super Mario Bros.,ＳＵＰＥＲ ＭＡＲＩＯ ＢＲＯＳ.,Super Mario Bros.,Super Mario Bros.,Super Marİo Bros.,Super Mario Bros,Super Mario Bros.,マリオ1,超级马力欧兄弟
CAMPAIGN_SMBLL,,Super Mario Bros. The Lost Levels,Super Mario Bros. Les niveaux perdus,Super Mario Bros. Zaginione Poziomy,Super Mario Bros. The Lost Levels,Super Mario Bros. Los Niveles Perdidos,Super Mario Bros. The Lost Levels,ＳＵＰＥＲ ＭＡＲＩＯ ＢＲＯＳ. ＴＨＥ ＬＯＳＴ ＬＥＶＥＬＳ,Super Mario Bros. The Lost Levels,Super Mario Bros.: The Lost Levels,Super Marİo Bros. The Lost Levels,Super Mario Bros. The Lost Levels,Super Mario Bros. The Lost Levels,マリオ2,超级马力欧兄弟 失落的关卡
CAMPAIGN_SMBS,,Super Mario Bros. Special,Super Mario Bros. Spécial,Super Mario Bros. Wersja Specialna,Super Mario Bros. Special,Super Mario Bros. Especial,Super Mario Bros. Special,ＳＵＰＥＲ ＭＡＲＩＯ ＢＲＯＳ. ＳＰＥＣＩＡＬ,Super Mario Bros. Special,Super Mario Bros. Special,Super Marİo Bros. Specİal,Super Mario Bros. Special,Super Mario Bros. Special,スペシャル,超级马力欧兄弟 特别版
CAMPAIGN_SMBANN,,All Night Nippon: Super Mario Bros.,All Night Nippon: Super Mario Bros.,All Night Nippon: Super Mario Bros.,All Night Nippon: Super Mario Bros.,All Night Nippon: Super Mario Bros.,All Night Nippon: Super Mario Bros.,ＡＬＬ ＮＩＧＨＴ ＮＩＰＰＯＮ: ＳＵＰＥＲ ＭＡＲＩＯ ＢＲＯＳ.,All Night Nippon: Super Mario Bros.,All Night Nippon: Super Mario Bros.,All Nİght Nİppon: Super Marİo Bros.,All Night Nippon: Super Mario Bros.,All Night Nippon: Super Mario Bros.,オールナイトニッポン,通宵日本 超级马力欧兄弟
CUSTOM_LEVELS,,Custom Levels,Niveaux Custom,Poziomy Użytkowników,Пoльзobateльckиe Уpobhи,Niveles Personalizados,Livelli Custom,ＣＵＳＴＯＭ ＬＥＶＥＬＳ,,Level-Editor,Özel Leveller,Level Kustom,Níveis Customizados,カスタムステージ,自定义关卡
MENU_STORY,,Story,Histoire,Kampania,kamпahия,Historia,Storia,ＳＴＯＲＹ,Kampanya,Kampagne,Hİkaye,Cerita,História,ストーリーモード,故事模式
MENU_CHALLENGES,,Challenges,Défis,Wyzwania,Иcпыtahия,Desafíos,Sfide,ＣＨＡＬＬＥＮＧＥＳ,Mga Hamon,Herausforderungen,Zorluklar,Tantangan,Desafios,チャレンジ,挑战模式
MENU_MARATHON,,Marathon,Marathon,Maraton,mapaфoh,Maratón,Maratona,ＭＡＲＡＴＨＯＮ,Maraton,Marathon,Maraton,Maraton,Maratona,マラソン,马拉松
MENU_NEW_GAME,,New Game,Nouvelle Partie,Nowa Gra,hobaя Игpa,Nuevo juego,Nuovo gioco,ＮＥＷ ＧＡＭＥ,Bagong Laro,Neues Spiel,Yenİ Oyun,Permainan Baru,Novo Jogo,あたらしくはじめる,新游戏
MENU_CONTINUE,,Continue,Continuer,Kontynuuj,Пpoдoлжиtь,Continuar,Continua,ＣＯＮＴＩＮＵＥ,Magpatuloy,Fortsetzen,Devam Et,Melanjutkan,Continue,つづきから,继续
MENU_HIGH_SCORE,,Top-,Top-,Rekord,pekopд-,Top-,Top-,ＴＯＰ-,Rekord-,Rekord - ,Rekor-,Top-,Topo-,TOP-,最高分
MENU_WORLD_SELECT,,Select World,Quel Monde,Wybierz Świat,bыбepиte mиp,Seleccionar Mundo,Seleziona mondo,ＳＥＬＥＣＴ ＷＯＲＬＤ,Pumili ng Mundo,Welt wählen,Dünya Seç,Pilih Dunia,Escolha o seu Mundo,ワールドをえらぶ,选择世界
MENU_LEVEL_SELECT,,Select Level,Quel Niveau,Wybierz Poziom,bыбepиte Уpobehь,Seleccionar Nivel,Seleziona livello,ＳＥＬＥＣＴ ＬＥＶＥＬ,Pumili ng Lebel,Level wählen,Level Seç,Pilih Level,Escolha o seu Nível,ステージをえらぶ,选择关卡
MENU_QUEST_SELECT,,Select Quest,Quel Quête,Wybierz Przygodę,bыбepиte kbect,Seleccionar búsqueda,Selezione missione,ＳＥＬＥＣＴ ＱＵＥＳＴ,Pumili ng Misyon,Abenteuer wählen,Görev Seç,Pilih Quest,Escolha a sua Missão,クエストをえらぶ,选择周目
MENU_CHARA_SELECT,,Select Character,Quel Personnage,Wybierz Postać,bыбepиte Пepcohaжa,Seleccionar Personaje,Selezione personaggio,ＳＥＬＥＣＴ ＣＨＡＲＡＣＴＥＲ,Pumili ng Karakter,Charakter wählen,Karakter Seç,Pilih Karakter,Escolha o seu Pesonagem,キャラクターをえらぶ,选择角色
QUEST_FIRST,,First Quest,Première Quête,Pierwsza Przygoda,Пepbый kbect,Primera Mision,Prima missione,ＦＩＲＳＴ ＱＵＥＳＴ,Unang Misyon,Erstes Abenteuer,Bİrİncİ Görev,Quest Pertama,Primeira Missão,クエスト1,一周目
QUEST_SECOND,,Second Quest,Deuxième Quête,Druga Przygoda,btopoй kbect,Segunda Mision,Seconda missione,ＳＥＣＯＮＤ ＱＵＥＳＴ,Ikalawang Misyon,Zweites Abenteuer,İkİncİ Görev,Quest Kedua,Segunda Missão,クエスト2,二周目
CHAR_MARIO,,Mario,Mario,Mario,mapиo,Mario,Mario,ＭＡＲＩＯ,Mario,Mario,Marİo,Mario,Mario,マリオ,马力欧
CHAR_LUIGI,,Luigi,Luigi,Luigi,ЛУиджи,Luigi,Luigi,ＬＵＩＧＩ,Luigi,Luigi,Luİgİ,Luigi,Luigi,ルイージ,路易吉
CHAR_TOAD,,Toad,Toad,Toad,toaд,Toad,Toad,ＴＯＡＤ,Kinopyo,Toad,Toad,Toad,Toad,キノピオ,奇诺比奥
CHAR_TOADETTE,,Toadette,Toadette,Toadette,toaдetta,Toadette,Toadette,ＴＯＡＤＥＴＴＥ,Kinopiko,Toadette,Toadette,Toadette,Toadette,キノピコ,奇诺比珂
PAUSE_RESUME,,Resume,Continuer,Kontynuuj,Пpoдoлжиtь,Reanudar,Continua,ＲＥＳＵＭＥ,Magpatuloy,Fortsetzen,Devam Et,Melanjutkan,Retome ao Jogo,つづける,继续
PAUSE_RESTART,,Restart Level,Recommencer,Zrestartuj Poziom,Пobtopиtь,Reiniciar nivel,Ricomincia,ＲＥＳＴＡＲＴ ＬＥＶＥＬ,Ulitin,Level neustarten,Yenİden Başla,Ulang Level,Recomeçar o Nível,リスタート,重新开始本关
PAUSE_QUIT,,Quit to Menu,Quitter,Wyjdź do Menu,bыйtи b mehю,Salir al menú,Torna al menù,ＱＵＩＴ ＴＯ ＭＥＮＵ,Bumalik sa Menu,Zurück zum Hauptmenü,Menüye Çık,Keluar ke Menu,Sair para o Menu,メインメニュー,返回菜单
PAUSE_RETRY,,Retry,Recommencer,Powtórz,Пobtopиtь,Reintentar,Riprova,ＲＥＴＲＹ,Ulit,Erneut versuchen,Yenİden Dene,Coba lagi ,Tente Novamente,リトライ,重试
PAUSE_SELECT_LEVEL,,Level Select,Sélection des niveaux,Wybierz Poziom,bыбop Уpobhя,Selección de nivel,Seleziona Livello,ＬＥＶＥＬ ＳＥＬＥＣＴ,Pumili ng Lebel,Level auswählen,Level Seç,Pemilihan Level,Seleção de Níveis,ステージをえらぶ,选择关卡
CHALLENGE_BOO,,You Vs. Boo,Vous Contre Boo,Ty Kontra Boo,tы Пpotиb БУ,Tú contra Boo,Tu Vs. Boo,ＹＯＵ ＶＳ. ＢＯＯ,Ikaw konta Boo,Du Vs. Boo,Sen Vs. Boo,Kau Vs. Boo,Voçê Vs. Boo,テレサレース,你 VS 害羞幽灵
MENU_SELECT_BOO,,Select Boo,Choisissez le Boo,Wybierz Boo,bыбepи БУ,Seleccionar Boo,Seleziona Boo,ＳＥＬＥＣＴ ＢＯＯ,Pumili ng Boo,Boo wählen,Boo Seç,Pilih Boo,Escolha o seu Boo,テレサをえらぶ,选择害羞幽灵
PAUSE_RACE_RESTART,,Restart Race,Recommencer la course,Zrestartuj Wyścig,Пobtopиtь ГohkУ,Reiniciar carrera,Ricomincia gara,ＲＥＳＴＡＲＴ ＲＡＣＥ,Ulitin,Rennen neustarten,Yarışı Yenİden Başlat,Balapan Ulang,Recomeçe a Corrida,レースをリスタート,重新比赛
CHALLENGE_HUNT,"The challenge mode featured in SMB DX, involves the player running around levels finding red coins and a hidden yoshi egg. (Like a scavenger hunt!)",Challenge Hunt,Défi de chasse,Tryb Poszukiwania,Иcпыtahиe oxotы,Caza de Monedas,Sfida di caccia,ＣＨＡＬＬＥＮＧＥ ＨＵＮＴ,Scavenger,Schatzsuche,Zorluk Avı,Tantangan Berburu,Caça ao Desafio,チャレンジゲーム,挑战狩猎
MARATHON_START,,Start Run,Commencez la run,Zacznij Próbę,haчatь Зaбeг,Iniciar Maraton,Inizia run,ＳＴＡＲＴ ＲＵＮ,Simulan,Starten,Başla,Mulai Lari,Começar Rodada,スタート,开始竞速
MARATHON_PRACTICE,,Practice,Entraînement,Ćwiczenia,Пpaktиka,Práctica,Pratica,ＰＲＡＣＴＩＣＥ,Praktis,Training,Pratİk Yap,Latihan,Modo Prática,れんしゅう,练习
MARATHON_PB_NONE,,No PB,Pas de Record,Bez Rekordu,het pekopдa,No PB,No PB,ＮＯ ＰＢ,No PB,Keine BZ,PB Yok,Tidak PB,Sem PB,PBなし,暂无最佳
MARATHON_PB_VALID,,PB: -,Record Perso.:,Rekord:,pekopд:,PB: -,PB: -,ＰＢ: -,PB: -,BZ: -,PB: -,PB: -,PB: -,PB: -,最佳成绩：-
SETTINGS_LANGUAGE,,Language,Langue,Język,Языk,Idioma,Lingua,ＬＡＮＧＵＡＧＥ,Lenggwahe,Sprache,Dİl,Bahasa,Linguagem,げんご,语言
SETTINGS_VIDEO,,Video,Vidéo,Wideo,bидeo,Vídeo,Video,ＶＩＤＥＯ,Vidyo,Video,Vİdeo,Video,Video,えいぞう,视频
SETTINGS_AUDIO,,Audio,Audio,Dźwięk,aУдиo,Audio,Audio,ＡＵＤＩＯ,Awdiyo,Audio,Ses,Suara,Audio,オーディオ,音频
SETTINGS_VISUALS,,Visuals,Visuels,Obraz,bизУaл,Visuales,Grafica,ＶＩＳＵＡＬＳ,Grapika,Grafik,Grafİkler,Visuals,Gráficos,グラフィック,视觉
SETTINGS_DIFFICULTY,,Difficulty,Difficulté,Trudność,cлoжhoctь,Dificultad,Difficoltà,ＤＩＦＦＩＣＵＬＴＹ,Antas ng difficulty,Schwierigkeitsgrad,Zorluk,Kesulitan,Dificuldade,なんいど,难度
SETTINGS_KEYBOARD,,Keyboard,Clavier,Klawiatura,kлabиatУpa,Teclado,Tastiera,ＫＥＹＢＯＡＲＤ,Keyboard,Tastatur,Klavye,Keyboard,Teclado,キーボード,键盘
SETTINGS_CONTROLLER,,Controller,Manette,Kontroler,kohtpoллep,Controles,Controller,ＣＯＮＴＲＯＬＬＥＲ,Controller,Controller,Kumanda,Kontrol,Controle,コントローラー,手柄
SETTINGS_DATA,,Data,Données,,,Datos,Dati,,,Daten,Verİler,Data,Dados,データ,数据
SETTINGS_RESOURCE_PACK,,Resource Packs,Packs de Ressources,Paczki Zasobów,tekctУp-пakи,Paquetes de recursos,Pacchetti di risorse,ＲＥＳＯＵＲＣＥ ＰＡＣＫＳ,Resource Packs,Ressourcenpakete,Kaynak Paketlerİ,Paket Resource,Pacotes de Recurso,リソースパック,资源包
SETTING_ON,"might change to just be true or false, instead. idk",On,On,Wł.,bkл.,Activado,On,ＯＮ,On,An,Açık,Aktif,Ligado,オン,开
SETTING_OFF,,Off,Off,Wył.,bыkл.,Desactivado,Off,ＯＦＦ,Off,Aus,Kapalı,Mati,Desligado,オフ,关
SETTING_MUFFLED,,Muffled,,,,,,,,,,,,,消音
VIDEO_MODE,"windowed, fullscreen, etc",Mode,Mode,Tryb,peжиm,Modo,Modalità video,ＭＯＤＥ,Mode,Fenstermodus,Pencere Modu,Mode,Modo,ウィンドウモード,模式
VIDEO_SIZE,"aspect ratio (4:3, widescreen)",Size,Taille,Wielkość,paзmep,Tamaño,Formato schermo,ＳＩＺＥ,Sukat ng Screen,Seitenverhältnis,En Boy Oranı,Ukuran,Proporção,かいぞうど,窗口大小
VIDEO_RENDER,,Rendering,Rendu,Renderowanie,pehдepиhг,Renderizardo,Rendering,ＲＥＮＤＥＲＩＮＧ,,,Görselleştİrme,Rendering,Renderização,レンダリング,渲染
VIDEO_SCALING,,Scaling,Mise à l'échelle,Powiększanie,Фильtpaция,Escalado,Ridimensionamento,ＳＣＡＬＩＮＧ,Pagka-render,Skalierung,Ölçeklendİrme,Scaling,Dimensionamento,スケーリング,缩放
VIDEO_VSYNC,,VSync,VSync,V-Sync,bept. cиhxpohизaция,VSync,VSync,ＶＳＹＮＣ,VSync,VSync,VSync,VSync,VSync,VSYNC,垂直同步
VIDEO_SHADOWS,,Drop Shadows,Ombres portées,Cienie,Пaдaющиe tehи,Sombras ,Ombre,ＤＲＯＰ ＳＨＡＤＯＷＳ,Drop Shadows,Schatten,Gölgeler,Bayangan,Sombras,ドロップシャドウ,阴影
VIDEO_HUD_SCALING,,HUD Spacing,Style du HUD,Styl HUD,ctиль Иhtepфeйca,Espaciado del HUD,Spaziatura della HUD,ＨＵＤ ＳＰＡＣＩＮＧ,Spacing ng HUD,HUD-Abstand,HUD Aralığı,Jarak HUD,Espaçamento do HUD,HUDかんかく,界面间距
VIDEO_MODE_WINDOWED,,Windowed,Fenêtré,Okno,okohhый,Ventana,Finestra,ＷＩＮＤＯＷＥＤ,Windowed,Fenster,Pencere,Windowed,Janela,ウィンドウ,窗口模式
VIDEO_MODE_FULLSCREEN,,Fullscreen,Plein Écran,Pełny Ekran,Пoлhoэkpahhый,Pantalla completa,Schermo intero,ＦＵＬＬＳＣＲＥＥＮ,Full Screen,Vollbild,Tam Ekran,Layar Penuh,Tela Cheia,フルスクリーン,全屏
VIDEO_MODE_BORDERLESS,,Borderless,Sans Bordure,Bez Obramowania,Бeз pamkи,Sin bordes,Senza bordi,ＢＯＲＤＥＲＬＥＳＳ,Borderless,Ohne Rand,Sınırsız,Tanpa Batas,Sem Borda,ボーダレス,无边框
VIDEO_ASPECT_OG,,4:3,4:3,4:3,4:3,4:3,4:3,4:3,4:3,4:3,4:3,4:3,4:3,4:3,4:3
VIDEO_ASPECT_WIDE,,Widescreen,Panoramique,Szeroki Ekran,Шиpokoфopmathый,Pantalla panorámica,Schermo largo,ＷＩＤＥＳＣＲＥＥＮ,Widescreen,Breitbild,Genİş Ekran,Layar Lebar,Ecrã Panorâmico,ワイドスクリーン,宽屏
VIDEO_VISUALS_PIXEL,,Pixelated,Pixélisé,Pikselowane,Пиkceльhыe,Pixelado,Pixellata,ＰＩＸＥＬＡＴＥＤ,Pixelated,Klassisch,Pİksellİ,Berpiksel,Pixelado,ピクセルそう,像素
VIDEO_VISUALS_SMOOTH,,Smooth,Fondu,Gładkie,Глaдkиe,Liso,Liscia,ＳＭＯＯＴＨ,Malinis,Modern,Pürüzsüz,Halus,Suave,スムーズ,平滑
VIDEO_SCALING_FRACT,,Fractional,Fractionnaire,Ułamkowe,Дpoбhaя,Fraccional,Frazionario,ＦＲＡＣＴＩＯＮＡＬ,Praksyonal,Fraktal,Kesİrlİ,Fractional,Fracionado,ひせいすう,分数缩放
VIDEO_SCALING_INT,,Integer,Entier,Całkowite,Цeлaя,Entero,Intero,ＩＮＴＥＧＥＲ,Integer,Ganz,Tam Sayı,Integer,Inteiro,せいすう,整数缩放
VIDEO_HUD_STRETCHED,,Stretched,Étiré,Rozciągnięte,pactяhУtый,Estirado,Estesa,ＳＴＲＥＴＣＨＥＤ,Naka-stretch,Breit,Uzatılmış,Lebar,Esticado,ひきのばし,拉伸
VIDEO_HUD_CENTER,,Centered,Centré,Wyśrodkowane,Цehtpaльhый,Centrado,Centrata,ＣＥＮＴＥＲＥＤ,Ginta,Zentriert,Ortalanmış,Tengah,Centralizado,ちゅうおう,居中
AUDIO_MASTER,,Master,Général,Ogólne,oбщaя Гpomkoctь,Master,Principale,ＭＡＳＴＥＲ,General,Hauptlautstärke,Ana,Master,Mestre,マスター,主音量
AUDIO_MUSIC,,Music,Musique,Muzyka,mУзыka,Música,Musica,ＭＵＳＩＣ,Musika,Musik,Müzİk,Musik,Música,BGM,音乐
AUDIO_SFX,,SFX,Effets Sonores,Efekty Dźwiękowe,Эффektы,SFX,SFX,ＳＦＸ,SFX,Soundeffekte,Ses Efektlerİ,Efek Suara,Efeitos Sonoros,SFX,音效
AUDIO_EXTRA_BGM,"Setting to enable or disable extra music tracks in game (bonus theme, athletic theme, bowser theme)",Extra BGM,Musiques En Plus,Muzyka Atletyczna,Эkctpa BGM,Música de fondo adicional,BGM extra,ＥＸＴＲＡ ＢＧＭ,Extrang Musika,Extramusik,Ekstra Müzİk,BGM Ekstra,BGM Extra,ついかBGM,额外背景音乐
AUDIO_EXTRA_SFX,Adds in some other optional sfxs from SMBDX and the modern games,Extra SFX,Effets Sonores En Plus,Dodatkowe Efekty Dźwiękowe,Эkctpa SFX,Efectos de sonido adicionales,SFX extra,ＥＸＴＲＡ ＳＦＸ,Extrang SFX,Extra-Soundeffekte,Ekstra Ses Efektlerİ,SFX Ekstra,SFX Extra,ついかSFX,额外音效
AUDIO_PAUSE_BGM,,Pause Menu BGM,,,,,,,,,,,,,暂停界面音乐
AUDIO_MENU_BGM,You win.,Menu BGM,Musique Menu,Muzyka Menu,BGM mehю,Música de fondo del menú,BGM del menu,ＭＥＮＵ ＢＧＭ,Musika sa Menu,Menümusik,Menü Müzİk,Menu BGM,BGM do Menu,メニューBGM,菜单音乐
AUDIO_SKID_SFX,Enables the skidding sfx from Lost Levels,Skid SFX,Bruit Dérapage,Dźwięki Hamowania,ЗbУk ckoльжehия,Effectos de derrape,Skid SFX,ＳＫＩＤ ＳＦＸ,SFX ng skid,Rutsch-Soundeffekt,Kayma Ses Efektİ,Efek Suara Selip,SFX de Derrapagem,スキールおん,刹车音效
VISUALS_PARALLAX,Sets the amount of parallax used in BG's,Parallax,Parallaxe,Paralaks,Пapaллakc,Paralaje,Effetto parallasse,ＰＡＲＡＬＬＡＸ,Naka-parallax,Parallaxeneffekt,Paralaks,Paralaks,Parallax,ラスター,视差滚动
VISUALS_EXTRA_BGs,"Terrible name, but basically enables whether the new bg's are shown (underground + castle)",Extra BGs,Décors Modernes,Dodatkowe Tła,Эkctpa Фohы,BG adicionales,Sfondi extra,ＥＸＴＲＡ ＢＧＳ,Extra BGs,Extra-Hintergründe,Ekstra Arka Planlar,BG Ekstra,BGs Extras,ついかのはいけい,额外背景
VISUAL_PARTICLES,,BG Particles,Particules Décors,Cząsteczki w Tle,Чactицы Фoha,Partículas de fondo,Particelle sfondi,ＢＧ ＰＡＲＴＩＣＬＥＳ,Particles ng BG,Hintergrundpartikel,Arka Plan Partİküllerİ,Partikel BG,Partículas de BG,はいけいのパーティクル,背景粒子
VISUAL_HUD_STYLE,"Changes between the classic hud, or the modern hud from SMM2",HUD Style,Style du HUD,Styl HUD,ctиль Иhtepфeйca,Estilo del HUD,Stile HUD,ＨＵＤ ＳＴＹＬＥ,Style ng HUD,HUD-Stil,HUD Stİlİ,Gaya HUD,Estilo de HUD,HUDスタイル,界面风格
VISUAL_PALETTE,,Palette,Palette,Paleta,Пaлиtpa,Paleta,Palette,ＰＡＬＥＴＴＥ,Paleta,Farbpalette,Palet,Palet,Paleta,パレット,调色板
VISUAL_RAINBOW,"Which effect should be used for invincibility (Shader based, Palette Based)",Rainbow Effect,Effet Arc-En-Ciel,Efekt Tenczy,Эффekt paдУги,Efecto Arcoiris,Effetto arcobaleno,ＲＡＩＮＢＯＷ ＥＦＦＥＣＴ,Effect ng Rainbow,Regenbogeneffekt,Gökküşağı Efektİ,Efek Pelangi,Efeito Arco-Íris,むてきマリオパレット,彩虹效果
VISUAL_COLOURFUL_PIPES,"Enables multi-coloured pipes (green by default, if turned off)",Colorful Pipes,Tuyaux de couleurs,Kolorowe Rury,paзhoцbethыe tpУбы,Tubos de colores,Tubi colorati,ＣＯＬＯＲＦＵＬ ＰＩＰＥＳ,Makulay na Tubo,Gefärbte Röhren,Renklİ Borular,Pipa Warna-Warni,Canos Coloridos,いろとりどりの　どかん,彩色管道
VISUAL_TRANSFORM,"Should the transformation effect on the player, be rainbow, or a simple animation swap?",Transform Style,Style Transfo.,Styl Transformacji,ctиль tpahcфopmaции,Estilo de transformación,Stile trasformazione,ＴＲＡＮＳＦＯＲＭ ＳＴＹＬＥ,Style ng Pagtransform,Power-Up-Animationsstil,Dönüşüm Stİlİ,Transformasi Gaya,Estilo de Transformação,へんしんスタイル,变形风格
VISUAL_TEXT_SHADOWS,,Text Shadows,Ombre Textes,Cieniowany Tekstu,tehь tekcta,Sombras en textos,Ombre testo,ＴＥＸＴ ＳＨＡＤＯＷＳ,Anino ng Text,Textschatten,Yazı Gölgelerİ,Bayangan Teks,Sombreamento de Texto,テキストのかげ,文字阴影
VISUAL_TRANSITION_EFFECT,Do we want transitions to be instant? or smooth?,Transition Style,Style de transition,Styl Tranzycji,ctиль пepexoдob,Estilo de transición,Stile transizione,ＴＲＡＮＳＩＴＩＯＮ ＳＴＹＬＥ,Style ng Transition,Übergangsstil,Geçİş Stİlİ,Gaya Transisi,Estilo de Transição,フェード・スタイル,切换效果
VISUAL_SMBS_SCROLL,Special Scrolling,Special Scrolling,Special Scrolling,Special Scrolling,Special Scrolling,Special Scrolling,Special Scrolling,Special Scrolling,Special Scrolling,Special Scrolling,Special Scrolling,Special Scrolling,Special Scrolling,Special Scrolling,特别版滚动
VISUAL_SMBS_SCROLL_OFF,Off,Off,Off,Off,Off,Off,Off,Off,Off,Off,Off,Off,Off,Off,关闭
VISUAL_SMBS_SCROLL_X1,Sharp X1,Sharp X1,Sharp X1,Sharp X1,Sharp X1,Sharp X1,Sharp X1,Sharp X1,Sharp X1,Sharp X1,Sharp X1,Sharp X1,Sharp X1,Sharp X1,Sharp X1
VISUAL_SMBS_SCROLL_PC8801,PC-8801,PC-8801,PC-8801,PC-8801,PC-8801,PC-8801,PC-8801,PC-8801,PC-8801,PC-8801,PC-8801,PC-8801,PC-8801,PC-8801,PC-8801
VISUAL_PARALLAX_NONE,,None,Aucun,Brak,het,Ninguno,No,ＮＯＮＥ,Wala,Kein,Hİç,None,Nenhum,オフ,无
VISUAL_PARALLAX_BASIC,,Basic,Basique,Podstawowe,ochobhoй,Básico,Basico,ＢＡＳＩＣ,Basic,Standard,Basİt,Dasar,Básico,ひょうじゅん,基本
VISUAL_PARALLAX_DETAIL,,Detailed,Détaillé,Detalowane,Дetaлизиpobahhый,Detallado,Dettagliato,ＤＥＴＡＩＬＥＤ,Detalyado,Detailliert,Detaylı,Detailed,Detalhado,しょうさい,详细
VISUAL_VISIBLE_TIMERS,Adds timers to the hud to reflect various states,Visible Timers,Timeur Visible,Widoczny Stoper,bидиmыe taйmepы,Temporizador visible,Timer visibili,ＶＩＳＩＢＬＥ ＴＩＭＥＲＳ,Timer,Timeranzeige,Görünür Zamanlayıcılar,Pengatur Waktu Terlihat,Timers Visíveis,ひょうじタイマー,可见计时器
VISUAL_BRIDGE_ANIMATION,Animation used for bowsers bridge destruction,Bridge Animation,Destruction du pont,Niszczenie Mostu,paзpУшehиe mocta,Destrucción del puente,Distruzione ponte,ＢＲＩＤＧＥ ＡＮＩＭＡＴＩＯＮ,Distraksyon ng Bridge,Brückenanimation,Köprü Anİmasyonu,Animasi Jembatan,Animação de Ponte,はしのアニメーション,桥梁动画
,,,,,,,,,,,,,,,
VISUAL_TRANSITION_CLASSIC,,Classic,Classique,Klasyczna,kлaccичeckaя,Clásico,Classico,ＣＬＡＳＳＩＣ,Klasik,Klassisch,Klasİk,Klasik,Clássico,クラシック,经典
VISUAL_TRANSITION_SMOOTH,,Smooth,Lisse,Gładka,Плabhaя,Suave,dissolvenza,ＳＭＯＯＴＨ,Fade in,Flüssig,Modern,Mulus,Suave,スムーズ,平滑
VISUAL_PALETTE_MAKER,"Dont bother translating these ones lol, just here for consistency, its just emulator names",Maker :D,Hello :D,sup yall :o,I exist! :D,Play de Blob 2,smsl coming next year,ＭＡＫＥＲ :Ｄ,,Maker,İ love hamburgers,Nintendo L for you if you sue joe,Me when Nintendo sues SMB1R: Boowomp,"Nintendo-san, pls don't sue",制作者：D
VISUAL_PALETTE_MESEN,"These are unused now, feel free to write whatever in these lmao",Mesen,,hi cube,Translating is-a mУ passion!,,maybe,ＭＥＳＥＮ,,MESEN,"Sen vİlayet yıkmayı padİşahlık mı zannettİn? Mertsen meydana gel. Namert gİbİ delİkten delİğe gİrme. Hazırlıklarını yap, haber verİlmedİ deme.",Translation is my job :D,Wowie Zowie Kablowie,Peace is paved,Mesen
VISUAL_PALETTE_FCEUX,Hows your day been?,FCEUX,,:wave:,EspeciallУ when it comes to Pizza Tower mods.,,who knows ;),ＦＣＥＵＸ,,FCEUX,Chocolate Syrup,Good how about you :),The,been busy lately lol,FCEUX
SETTINGS_CLASSIC,"Used all over the settings, to describe if something is as the same as in modern games, or the origina / classic games",Classic,Classique,Klasyczne,kлaccиka,Clásico,Classico,ＣＬＡＳＳＩＣ,Klasik,Klassisch,Klasİk,Klasik,Clássico,クラシック,经典
SETTINGS_MODERN,,Modern,Moderne,Współczesne,moдeph,Moderno,Moderno,ＭＯＤＥＲＮ,Moderno,Modern,Modern,Modem,Moderno,モダン,现代
DIFFI_DAMAGE_STYLE,"basically what happens when player gets hurt with fire flower, do they go back to big? or back to small?",Damage Style,Type de dégats,Styl Obrażeń,ctиль Уpoha,Estilo de daños,Stile danno,ＤＡＭＡＧＥ ＳＴＹＬＥ,Style ng Damage,Schadenstyp,Hasar Stİlİ,Gaya Damage,Estilo de Dano,あたりスタイル,受伤方式
DIFFI_CHECKPOINT,Flag pole checkpoints? or no flagpoles?,Checkpoint Style,Type de Checkpoint,Styl Checkpointu,ctиль Чekпoиhtob,Estilo de Checkpoints,Stile checkpoint,ＣＨＥＣＫＰＯＩＮＴ ＳＴＹＬＥ,Checkpoints,Checkpoints,Kontrol Noktası Stİlİ,Gaya Pos Pemeriksaan,Estilo de Checkpoint,チェックポイント・スタイル,检查点方式
DIFFI_EXTRA_CHECK,Checkpoints in levels that didnt have them,Extra Checkpoints,Extra Checkpoints,Dodatkowe Checkpointy,Эkctpa Чekпoиhtы,Puntos de control adicionales,Checkpoint extra,ＥＸＴＲＡ ＣＨＥＣＫＰＯＩＮＴＳ,Extra Checkpoints,Extra-Checkpoints,Ekstra Kontrol Noktaları,Ekstra Pos Pemeriksaan,Checkpoints Extras,ついかのチェックポイント,额外检查点
DIFFI_INF_LIVES,,Inf Lives,Vies Infinies,Nieskończone Życia,Бeckoheчhыe Жизhи,Vidas infinitas,Vite infinite,ＩＮＦ ＬＩＶＥＳ,Panghabangbuhay,Unendliche Leben,Sonsuz Hayat,Kehidupan Tidak Terbatas,Vidas Infinitas,むげんの　ざんき,无限生命
DIFFI_FLAG_LIVES,"Does hitting the top of the flagpole, give an extra life",Flagpole Lives,Vies du Drapeau,Życia Flagi,Жизhи Флaгшtoka,Vidas de asta de bandera,Vite dalla bandiera,ＦＬＡＧＰＯＬＥ ＬＩＶＥＳ,Life points sa Flagpole,Zielpfahl-Extraleben,Bayrak Hayatları,Nyawa Bendera,Vidas de Bandeira,ゴールポールの　ざんき,旗杆奖励生命
DIFFI_GAME_OVER,What happens when hitting a game over? back to start of world? level? game?,Game Over,Game Over,Koniec Gry,Игpa okohчeha,Fin del juego,Game over,ＧＡＭＥ ＯＶＥＲ,Game over,Game Over,Oyun Bİttİ,Game Over,Game Over,ゲームオーバー,游戏结束
DIFFI_LEVEL_DESIGN,Adjusts level design to actually be fair,Level Design,Conception des niveaux,Zarys Poziomu,Дизaйh Уpobhя,Diseño de niveles,Design dei livelli,ＬＥＶＥＬ ＤＥＳＩＧＮ,Design ng Lebel,Leveldesign,Level Tasarımı,Desain Level,Design de Nível,ステージデザイン,关卡设计
DIFFI_TIME,Enables the time limit,Time Limit,Limite de temps,Limit Czasu,Лиmиt bpemehи,Tiempo Limite,Limite di tempo,ＴＩＭＥ ＬＩＭＩＴ,Limit ng Oras,Zeitlimit,Zaman Lİmİtİ,Batas waktu,Tempo Limite,せいげん　じかん,时间限制
DIFFI_LAKITU,,Lakitu Style,Style de Lakitu,Styl Lakitu,ctиль ЛakиtУ,Estilo Lakitu,Stile lakitu,ＬＡＫＩＴＵ ＳＴＹＬＥ,Style ng Lakitu,Lakitu-Modus,Lakİtu Stİlİ,Gaya Lakitu,Estilo de Lakitu,ジュゲム・スタイル,球盖姆行为
DIFFI_BACKSCROLL,"Allows you to move backwards in all levels, unless a custom level says no",Back Scroll,Retour Arrière,Przewijanie Wsteczne,ПpokpУtka haзaд,Scroll hacia atras,Back Scroll,ＢＡＣＫ ＳＣＲＯＬＬ,Free Camera,Freie Kamera,Gerİ Kaydırma,Scroll Kembali,Rolagem Para Trás,スクロールかいじょ,回滚
DIFFI_GAME_OVER_LVL,,Start of Level,Début du niveau,Początek Poziomu,haчatь c Уpobhя,Inicio del nivel,Inizio del livello,ＳＴＡＲＴ ＯＦ ＬＥＶＥＬ,Start ng Lebel,Levelanfang,Level Başlangıçı,Awal Level,Começo do Nível,ステージから　かいし,返回关卡开头
DIFFI_GAME_OVER_WLD,,Start of World,Début du monde,Początek Świata,haчatь c mиpa,Inicio del mundo,Inizio del mondo,ＳＴＡＲＴ ＯＦ ＷＯＲＬＤ,Start ng Mundo,Weltanfang,Dünya Başlangıçı,Awal Dunia,Começo do Mundo,ワールドから　かいし,返回世界开头
DIFFI_GAME_OVER_GME,,Start of Game,Début du jeu,Początek Gry,haчatь c Игpы,Inicio del juego,Inizio del gioco,ＳＴＡＲＴ ＯＦ ＧＡＭＥ,Start ng Laro,Spielanfang,Oyun Başlangıçı,Awal Permainan,Começo do Jogo,ゲームから　かいし,返回标题画面
DIFFI_CHECK_NO_FLAG,,No Flag,Aucun drapeaux,Brak Flagi,het Флaгa,Sin Bandera,Senza bandiera,ＮＯ ＦＬＡＧ,Walang Flag,Flaggen aus,Bayraksız,Tanpa Bendera,Sem Bandeira,フラッグなし,无旗帜
DIFFI_CHECK_FLAG,,Flag,Drapeaux,Flaga,Флaг,Bandera,Bandiera,ＦＬＡＧ,Flag,Flaggen an,Bayrak,Bendera,Bandeira,フラッグ,有旗帜
DIFFI_CHECK_FLAG+,"Checkpoint flag, which gives a powerup when crossed, like in New Super",Flag+,Drapeaux+,Flaga+,Флaг+,Bandera+,Bandiera+,ＦＬＡＧ+,Flag+,Flaggen+,Bayrak+,Bendera+,Bandeira+,フラッグ+,旗帜强化
DIFFI_LAKITU_0,,Original,Original,Oryginalny,opигиhaл,Original,Originale,ＯＲＩＧＩＮＡＬ,Klasik,Klassisch,Orİjİnal,Original,Original,オリジナル,原版
DIFFI_LAKITU_1,,Fixed,Corrigé,Naprawiony,hobый,Corregido,Corretto,ＦＩＸＥＤ,Moderno,Modern,Modern,Fixed,Consertado,なおされた,修复
DESC_DMG_STYLE_0,,"When taking damage, revert to ""Small"" state.","Après une blessure, retour à l'état ""Petit"", peu importe l'état actuel.","Przy dostaniu obrażeń, wróć do stanu ""Małego"".","Пpи пoлУчehии Уpoha, boзbpaщehиe b coctoяhиe «maлehьkий».","Al recibir daño, vuelve al estado ""Pequeño"".","In caso di danno, il personaggio torna allo stato ""piccolo"".","ＷＨＥＮ ＴＡＫＩＮＧ ＤＡＭＡＧＥ, ＲＥＶＥＲＴ ＴＯ ""ＳＭＡＬＬ"" ＳＴＡＴＥ.","Pagnasaktan, babalik sa ""Small"" state.","Verwandlung zum ""kleinen"" Status bei Schaden.","Hasar alındığında ""Küçük"" durumuna gerİ dön.","Saat terkena damage, kembali ke status ""Kecil"".","Quando receber dano, reverter para estado ""Pequeno"".",あたると、ちびキャラクターにもどる,受伤时变回「小」状态。
DESC_DMG_STYLE_1,,"When taking damage, revert to ""Big"" state, if ""Fire"".","Après une blessure, retour à l'état ""Grand"", si l'état actuelle est ""Feu"".","Przy dostaniu obrażeń, wróć do stanu ""Dużego"", jeżeli jesteś w stanie ""Ognistym"".","Пpи пoлУчehии Уpoha, boзbpaщehиe b coctoяhиe «Бoльшoй», ecли «oгhehhый».","Al recibir daño, vuelve al estado ""Grande"", si estas en el estado de ""Fuego"".","In caso di danno, il personaggio torna allo stato ""grande"" se si ha il potere del fuoco.","ＷＨＥＮ ＴＡＫＩＮＧ ＤＡＭＡＧＥ, ＲＥＶＥＲＴ ＴＯ ""ＢＩＧ"" ＳＴＡＴＥ, ＩＦ ""ＦＩＲＥ.","Pagnasaktan, babalik sa ""previous state"" kung nasa ""Fire"" state.","Wenn ""Feuer"", Verwandlung zum ""grossen"" Status bei Schaden.","Hasar alındığında ""Ateş"" durumunda İse ""Büyük"" durumuna gerİ dön.","""Saat terkena damage, kembali ke status """"Besar"""", jika """"Api.""","Quando receber dano, reverter para estado ""Grande"" se estiver estado ""Fogo"".",あたると、ファイアキャラクターからスーパーキャラクターにもどる,受伤时，若为「火焰」状态则变回「大」状态。
DESC_FLAG_0,,"No flags, simply pass a certain point within a level, classic experience.","Aucun drapeau relais, il suffit de passer un certain point dans les niveaux, expérience classique.","Bez flag, po prostu przejdź przez pewien punkt poziomu, klasyczny styl gry.","hиkakиx флaгob, пpocto пpoйдиte oпpeдeлehhУю toчkУ ha Уpobhe, kлaccичeckий oпыt.","No hay banderas, basta con pasar un determinado punto dentro de un nivel, experiencia clásica.","Non ci sarà alcuna bandiera checkpoint, basta superare un certo punto del livello per attivare il checkpoint, l'esperienza classica.","ＮＯ ＦＬＡＧＳ, ＳＩＭＰＬＹ ＰＡＳＳ Ａ ＣＥＲＴＡＩＮ ＰＯＩＮＴ ＷＩＴＨＩＮ Ａ ＬＥＶＥＬ, ＣＬＡＳＳＩＣ ＥＸＰＥＲＩＥＮＣＥ.","Walang checkpoint, klasik na experience","Keine Checkpoints, wie bei den Originalspielen.",Kontrol bayrağı yok. Leveldekİ belİrlİ bİr noktayı geçİnce. Klasİk.,"Tanpa bendera, cukup lewati titik tertentu dalam satu level, pengalaman klasik.","Sem Bandeiras, simplismente passe por um ponto específico em um nível, experiência classica.",チェックポイントのエリアをつうかすると、じどうてきにアクティブになる。,无旗帜，只需通过关卡中特定点位即可，经典体验。
DESC_FLAG_1,,"Checkpoint flags are present within levels, modern experience","Des drapeaux relais sont présents dans les niveaux, expérience moderne.","Checkpointy są w poziomach, współczesny styl gry.","Флaги чekпoиhtob пpиcУtctbУюt ha Уpobhяx, cobpemehhый oпыt","Hay banderas de punto de control en los niveles, experiencia moderna","Le bandiere checkpoint saranno presenti nel livello, l'esperienza moderna.","ＣＨＥＣＫＰＯＩＮＴ ＦＬＡＧＳ ＡＲＥ ＰＲＥＳＥＮＴ ＷＩＴＨＩＮ ＬＥＶＥＬＳ, ＭＯＤＥＲＮ ＥＸＰＥＲＩＥＮＣＥ","May checkpoint sa bawat levels, modernong experience","Checkpoints sind in Leveln vorhanden, wie bei modernen Spielen.",Kontrol noktası bayrakları levelİn İçİnde. Modern.,"Bendera pos pemeriksaan hadir dalam level, pengalaman modern","Bandeiras de Checkpoint estão presente nos níveis, experiência moderna.",フラッグがひょうじされる。,关卡中设有检查点旗帜，现代体验。
DESC_FLAG_2,,"Checkpoint flags now give you a mushroom if needed, when activated.",Les drapeaux relais donnent à présent un champignon si besoin.,"Po aktywacji checkpointy dają nagrody, jeżeli są potrzebne.","Флaги чekпoиhtob teпepь дaюt teбe пpeдmetы ecли hУжho, koгдa aktиbиpobahhы.","Las banderas de punto de control ahora te dan un potenciador, si es necesario, cuando se activan.","Le bandiere checkpoint, appena attivate, danno un potenziamento se è necessario.","ＣＨＥＣＫＰＯＩＮＴ ＦＬＡＧＳ ＮＯＷ ＧＩＶＥ ＹＯＵ Ａ ＭＵＳＨＲＯＯＭ ＩＦ ＮＥＥＤＥＤ, ＷＨＥＮ ＡＣＴＩＶＡＴＥＤ.",May power-up ang checkpoint kung makuha at kailangan.,"Checkpoints geben bei Aktivierung einen Pilz, falls nötig.",Kontrol noktası bayrakları şİmdİ aktİfleştİrİldİğİnde sana gereklİ İse bİr mantar verecektİr.,"Bendera pos pemeriksaan sekarang memberi Anda jamur jika diperlukan, saat diaktifkan.",Bandeiras de Checkpoint agore te dão cogumelos se voçê precisar quando ativado.,フラッグがひょうじされ、ちびキャラクターにキノコがおくられる。,激活检查点旗帜时，如有需要会赠送蘑菇。
DESC_EXTRA_CHECK_0,,There are no extra checkpoints in levels.,Aucun drapeaux relais supplémentaire,Bez dodatkowych checkpointów w poziomie.,hetУ эkctpa чekпoиhtob ha Уpobhяx.,No hay puntos de control adicionales en los niveles.,Non ci saranno checkpoint extra nei livelli.,ＴＨＥＲＥ ＡＲＥ ＮＯ ＥＸＴＲＡ ＣＨＥＣＫＰＯＩＮＴＳ ＩＮ ＬＥＶＥＬＳ.,Walang extra checkpoints,Es gibt keine zusätzlichen Checkpoints.,Levellerde ekstra kontrol noktaları yok.,Tidak ada pos pemeriksaan tambahan dalam setiap level.,Não tem Checkpoints extras em níveis.,ついかのチェックポイントなし。,关卡中没有额外检查点。
DESC_EXTRA_CHECK_1,,"Checkpoints have been added to levels, that didnt have them.",Des drapeaux relais ont été ajoutés aux niveaux qui n'en avaient pas.,"Checkpointy dodane do poziomów, które ich nie miały.","ha Уpobhяx, b kotopыx иx he былo, дoбabлehы чekпoиhtы.",Se han añadido puntos de control a niveles que no los tenían.,I checkpoint extra sono appena stati aggiunti nei livelli che non ne avevano.,"ＣＨＥＣＫＰＯＩＮＴＳ ＨＡＶＥ ＢＥＥＮ ＡＤＤＥＤ ＴＯ ＬＥＶＥＬＳ, ＴＨＡＴ ＤＩＤＮＴ ＨＡＶＥ ＴＨＥＭ.",extra checkpoints sa ibang lebel na wala previously,"Checkpoints wurden bei Leveln, wo keine vorhanden sind, hinzugefügt.",Kontrol noktası olmayan levellere kontrol noktaları eklenmİştİr.,Pos pemeriksaan telah ditambahkan ke level yang tidak memilikinya.,Checkpoints foram adicionados em níveis que não os possuem.,ついかのチェックポイントがついかされた。,在原本没有检查点的关卡中添加了检查点。
DESC_INF_LIVES_0,,"Limited lives, classic experience.","Vies limitées, pour une expérience classique.","Limitowane życia, klasyczny styl gry.","oгpahичehhыe жизhи, kлaccичeckий oпыt.","Vidas limitadas, experiencia clásica.","Vite limitate, l'esperienza classica.","ＬＩＭＩＴＥＤ ＬＩＶＥＳ, ＣＬＡＳＳＩＣ ＥＸＰＥＲＩＥＮＣＥ.","Limitadong Buhay, Klasik na Experience","Begrenzte Leben, wie bei den Originalspielen.","Lİmİtlİ hayat sayısı, klasİk deneyİm.","Kehidupan Yang Tidak terbatas, pengalaman klasik.","Vidas limitadas, experiência clássica.",かぎられた　ざんき。,有限生命数，经典体验。
DESC_INF_LIVES_1,,"Infinite lives, modern experience.","Vies illimitées, pour une expérience moderne.","Nieskończone życia, współczesny styl gry.","Бeckoheчhыe Жизhи, cobpemehhый oпыt.","Vidas infinitas, experiencia moderna.","Vite infinite, l'esperienza moderna.","ＩＮＦＩＮＩＴＥ ＬＩＶＥＳ, ＭＯＤＥＲＮ ＥＸＰＥＲＩＥＮＣＥ.","Infinite lives, Modernong Experience","Unendliche Leben, wie bei mordernen Spielen.","Sonsuz hayat sayısı, modern deneyİm.","Kehidupan Yang tdak terbatas, pengalaman modern.","Vidas infinitas, experiência moderna.",いま、ざんきはむげんである。,无限生命数，现代体验。
DESC_FLAG_LIVES_0,,"Flagpoles will not give an extra life when touching the top, classic experience.",Toucher le bout des drapeaux de fin de niveaux ne permet pas d'obtenir une vie supplémentaire.,"Flagi nie dają dodatkowych żyć przy dotknięciu ich szczytu, klasyczny styl gry.","Флaгшtokи he дaюt дoпoлhиteльhыx жизheй пpи kacahии иx bepxУшkи, kлaccичeckий oпыt.","Las astas de bandera no darán una vida extra al tocar la cima, experiencia clásica.","Le bandiere alla fine non ti daranno una vita extra toccando la cima, l'esperienza classica.","ＦＬＡＧＰＯＬＥＳ ＷＩＬＬ ＮＯＴ ＧＩＶＥ ＡＮ ＥＸＴＲＡ ＬＩＦＥ ＷＨＥＮ ＴＯＵＣＨＩＮＧ ＴＨＥ ＴＯＰ, ＣＬＡＳＳＩＣ ＥＸＰＥＲＩＥＮＣＥ.","Walang Life points sa taas ng Flagpole, Klasik na Experience","Zielpfahle geben kein Extra-Leben, wie bei den Originalspielen.","Bayraklar en üstüne dokunulduğunda ekstra hayat vermez, klasİk deneyİm.","Tiang bendera tidak akan memberikan nyawa ekstra saat menyentuh bagian atas,, pengalaman klasik.","Bandeiras não darão vidas extras ao tocar no topo delas, experiência clássica.",ポールのうえに　さわれると　ついかのこりんいんずうを　おくるな。,碰到旗杆顶端不会奖励额外生命，经典体验。
DESC_FLAG_LIVES_1,,"Flagpoles will give an extra life if touching the top, modern experience","Toucher le bout des drapeaux de fin de 
niveaux permet d'obtenir une vie supplémentaire.","Flagi dają dodatkowe życie przy dotknięciu ich szczytu, współczesny styl gry.","Флaгшtokи дaюt дoпoлhиteльhыe жизhи пpи kacahии иx bepxУшkи, cobpemehhый oпыt.","Las astas de bandera darán una vida extra al tocar la cima, experiencia moderna.","Le bandiere alla fine ti daranno una vita extra toccando la cima, l'esperienza moderna.","ＦＬＡＧＰＯＬＥＳ ＷＩＬＬ ＧＩＶＥ ＡＮ ＥＸＴＲＡ ＬＩＦＥ ＩＦ ＴＯＵＣＨＩＮＧ ＴＨＥ ＴＯＰ, ＭＯＤＥＲＮ ＥＸＰＥＲＩＥＮＣＥ","Extra Life sa taas ng Flagpole, Modernong Experience","Zielpfahle geben ein Extra-Leben, wie bei modernen Spielen.","Bayrakların en üstüne dokunulduğunda ekstra hayat verİr, modern deneyİm.","Tiang bendera akan memberi kehidupan ekstra saat menyentuh bagian atas, pengalaman modern","Bandeiras darão vidas extras ao tocar no topo delas, experiência moderna.",ポールのうえに　さわれると　ついかのこりんいんずうを　おくる。,碰到旗杆顶端会奖励额外生命，现代体验。
DESC_GAME_OVER_0,,"When reaching a Game Over, go back to the start of the world.","Lors d'un Game Over, retour au début du monde","Przy skończeniu żyć, wróć na początek świata.","Пpи ""Игpa okohчeha"", bephУtьcя b haчaлo mиpa.","Al llegar a un Game Over, vuelve al principio del mundo.","Dopo un Game Over, torna all'inizio del mondo.","ＷＨＥＮ ＲＥＡＣＨＩＮＧ Ａ ＧＡＭＥ ＯＶＥＲ, ＧＯ ＢＡＣＫ ＴＯ ＴＨＥ ＳＴＡＲＴ ＯＦ ＴＨＥ ＷＯＲＬＤ.","Kapag natalo, balik sa simula ng mundo",Zurück zum ersten Level der Welt bei einem Game-Over.,Tüm canlarını kaybedİnce dünyanın başına gerİ dön.,"Saat mencapai Game Over, kembali ke awal dunia.","Quando você alcançar um Game Over, volte para o começo do mundo.",ワールドのはじまりにかえる。,游戏结束时返回所在世界开头。
DESC_GAME_OVER_1,,"When reaching a Game Over, go back to the start of the level.","Lors d'un Game Over, retour au début du niveau","Przy skończeniu żyć, wróć na początek poziomu.","Пpи ""Игpa okohчeha"", bephУtьcя b haчaлo Уpobhя.","Al llegar a un Game Over, vuelve al principio del nivel.","Dopo un Game Over, torna all'inizio del livello.","ＷＨＥＮ ＲＥＡＣＨＩＮＧ Ａ ＧＡＭＥ ＯＶＥＲ, ＧＯ ＢＡＣＫ ＴＯ ＴＨＥ ＳＴＡＲＴ ＯＦ ＴＨＥ ＬＥＶＥＬ.","Kapag natalo, balik sa simula ng lebe;",Zurück zum Start des Levels bei einem Game-Over.,Tüm canlarını kaybedİnce levelİn başına gerİ dön.,"Saat mencapai Game Over, kembali ke awal level.","Quando você alcançar um Game Over, volte para o começo do nível.",ステージのはじまりにかえる。,游戏结束时返回当前关卡开头。
DESC_GAME_OVER_2,,"When reaching a Game Over, go back to the start of the game.","Lors d'un Game Over, retour au début du jeu","Przy skończeniu żyć, wróć na początek gry.","Пpи ""Игpa okohчeha"", bephУtьcя b haчaлo игpы.","Al llegar a un Game Over, vuelve al principio del juego.","Dopo un Game Over, torna all'inizio del gioco.","ＷＨＥＮ ＲＥＡＣＨＩＮＧ Ａ ＧＡＭＥ ＯＶＥＲ, ＧＯ ＢＡＣＫ ＴＯ ＴＨＥ ＳＴＡＲＴ ＯＦ ＴＨＥ ＧＡＭＥ.","Kapag natalo, balik sa simula ng game",Zurück zum Spielanfang bei einem Game-Over.,Tüm canlarını kaybedİnce oyunun başına gerİ dön.,"Saat mencapai Game Over, kembali ke awal permainan.","Quando você alcançar um Game Over, volte para o começo do jogo.",ゲームのはじまりにかえる。,游戏结束时返回游戏标题画面。
DESC_LEVEL_DESIGN_0,,"Level design is the same as the original, can be unfair at times.","Les niveaux sont conçus de la même manière que dans le jeu original, peut être injuste.","Zarys poziomów identyczny do oryginału, może być czasami niesprawiedliwy.","Дизaйh Уpobhя takoй жe kak и b opигиhaлe, mectamи heчecthый.","El diseño de niveles es el mismo que el original, puede ser injusto a veces.","I design dei livelli sono identici agli originali, possono essere ingiusti certe volte.","ＬＥＶＥＬ ＤＥＳＩＧＮ ＩＳ ＴＨＥ ＳＡＭＥ ＡＳ ＴＨＥ ＯＲＩＧＩＮＡＬ, ＣＡＮ ＢＥ ＵＮＦＡＩＲ ＡＴ ＴＩＭＥＳ.","Original na design ng level, maaring mahirap",Das Leveldesign ist unverändert. Eventuell unfair.,Level tasarımı orİjİnal İle aynıdır. Bazı zamanlarda haksızlıklar olabİlİr.,"Desain levelnya sama seperti aslinya, terkadang bisa tidak adil.","O design dos níveis é o mesmo do jogo original, pode ser injusto as vezes.",オリジナルゲームのように（ふこうへい　かも）。,关卡设计与原版保持一致，偶尔不太公平。
DESC_LEVEL_DESIGN_1,,Level design is adjusted to be much fairer.,Les niveaux sont conçus d'une manière plus juste et agréable.,Zarys poziomów zmieniony na sprawiedliwszy.,Дизaйh Уpobheй ctaл бoлee cпpabeдлиbыm.,El diseño de los niveles se ha ajustado para que sea mucho más justo.,I design dei livelli sono modificati per essere più equilibrati.,ＬＥＶＥＬ ＤＥＳＩＧＮ ＩＳ ＡＤＪＵＳＴＥＤ ＴＯ ＢＥ ＭＵＣＨ ＦＡＩＲＥＲ.,Patas na design ng level,Das Leveldesign wird für ein faireres Spielerlebnis angepasst.,Level tasarımı daha adİl olacak şekİlde ayarlanmıştır.,Desain level disesuaikan agar lebih adil.,O design dos níveis é ajustado para ser muito mais justo.,もうすこし　こうへい。,关卡设计经过调整，更加公平合理。
DESC_TIME_0,,There is no time limit in levels.,Il n'y a pas de limite de temps dans ce niveau,Nie ma limitu czasu w poziomach.,ha Уpobhяx hetУ лиmиta bpemehи.,No hay límite de tiempo en los niveles.,Non ci saranno limiti di tempo nei livelli.,ＴＨＥＲＥ ＩＳ ＮＯ ＴＩＭＥ ＬＩＭＩＴ ＩＮ ＬＥＶＥＬＳ.,Walang time limit sa mga lebel,Bei Leveln ist kein Zeitlimit vorhanden.,Levellerde zaman lİmİtİ yok.,Tidak ada batasan waktu dalam level.,Não tem tempo limite nos níveis.,ステージに　じかんせいげんは　ない。,关卡中没有时间限制。
DESC_TIME_1,,There is a time limit in all levels.,Il y a une limite de temps dans ce niveau,Jest limit czasu w poziomach.,ha Уpobhяx ectь лиmиt bpemehи.,Hay un límite de tiempo en todos los niveles.,Ci saranno limiti di tempo nei livelli.,ＴＨＥＲＥ ＩＳ Ａ ＴＩＭＥ ＬＩＭＩＴ ＩＮ ＡＬＬ ＬＥＶＥＬＳ.,May time limit sa mga lebel,Bei Leveln gibt es ein Zeitlimit.,Tüm levellerde zaman lİmİtİ var.,Ada batas waktu di semua level.,Tem tempo limite nos níveis.,ステージに　じかんせいげんは　ある。,所有关卡都有时间限制。
DESC_TIME_2,,"There is a time limit in all levels, but it ticks every second.",Il y a une limite de temps dans ce niveau,Jest limit czasu w poziomach.,ha Уpobhяx ectь лиmиt bpemehи.,Hay un límite de tiempo en todos los niveles.,Ci saranno limiti di tempo nei livelli.,"ＴＨＥＲＥ ＩＳ Ａ ＴＩＭＥ ＬＩＭＩＴ ＩＮ ＡＬＬ ＬＥＶＥＬＳ, ＢＵＴ ＩＴ ＴＩＣＫＳ ＥＶＥＲ ＳＥＣＯＮＤ.",May time limit sa mga lebel,Bei Leveln gibt es ein Zeitlimit.,Tüm levellerde zaman lİmİtİ var.,Ada batas waktu di semua level.,Tem tempo limite nos níveis.,ステージに　じかんせいげんは　ある。,所有关卡都有时间限制，但计时速度为每秒一次。
DESC_BACKSCROLL_0,,"You cannot move backwards in levels (unless a custom level allows it), Intended Experience",Vous ne pouvez pas retournez en arrière (sauf si un niveau custom vous l'autorise). Expérience prévue,Nie możesz iść do tyłu (chyba że poziom użytnikowa na to pozwala) Domyślny styl gry,"bы he moжete дbигatьcя haзaд ha Уpobhяx (kpome, ecли пoльзobateльckий Уpobehь пoзboляet), пpeдпoлaгaemый oпыt","No puedes retroceder en los niveles (a menos que un nivel personalizado lo permita), Experiencia prevista","Non puoi tornare indietro nei livelli (a meno che un livello creato dall'utente lo consente), l'esperienza originale.","ＹＯＵ ＣＡＮＮＯＴ ＭＯＶＥ ＢＡＣＫＷＡＲＤＳ ＩＮ ＬＥＶＥＬＳ (ＵＮＬＥＳＳ Ａ ＣＵＳＴＯＭ ＬＥＶＥＬ ＡＬＬＯＷＳ ＩＴ), ＩＮＴＥＮＤＥＤ ＥＸＰＥＲＩＥＮＣＥ","Walang backscroll, maliban kung pwede sa custom game, klasik na experience","Die Kamera bewegt sich nicht nach links, wie bei den Originalspielen, ausser wenn ein Nutzererstelltes Level es erlaubt.","Levellerde gerİye doğru hareket edemezsİnİz (özel bİr level buna İzİn vermedİğİ sürece), Amaçlanan Deneyİm","Anda tidak dapat bergerak mundur dalam level (kecuali level kustom mengizinkannya), Pengalaman yang Diinginkan","Você não pode andar para trás nos níveis (a menos que um nível customizado o permita), Experiência recomendada.",デフォルトステージモード：もどることはできない。,无法在关卡中后退（除非自定义关卡允许），原版设计。
DESC_BACKSCROLL_1,,You can move backwards in all levels (unless a custom level prevents it),Vous pouvez retournez en arrière (sauf si un niveau custom vous l'en empêche),Możesz iść do tyłu (chyba że poziom użytnikowa na to nie pozwala) ,"bы moжete дbигatьcя haзaд ha Уpobhяx (kpome, ecли пoльзobateльckий Уpobehь he пoзboляet)",Puedes retroceder en todos los niveles (a menos que un nivel personalizado lo impida).,Puoi tornare indietro nei livelli (a meno che un livello creato dall'utente non lo consente).,ＹＯＵ ＣＡＮ ＭＯＶＥ ＢＡＣＫＷＡＲＤＳ ＩＮ ＡＬＬ ＬＥＶＥＬＳ (ＵＮＬＥＳＳ Ａ ＣＵＳＴＯＭ ＬＥＶＥＬ ＰＲＥＶＥＮＴＳ ＩＴ),"Free Camera, maliban kung pinagbawal sa custom games","Die Kamera kann sich auch nach links bewegen, ausser wenn ein nutzererstelltes Level es nicht erlaubt.",Tüm levellerde gerİye doğru hareket edebİlİrsİnİz (özel bİr level bunu engellemedİğİ sürece),Anda dapat bergerak mundur di semua level (kecuali level kustom mencegahnya),"Você pode andar para trás em todos os níveis (a menos que um nível customizado não o permita), Experiência recomendada.",デフォルトステージモード：もどることはできる。,可在所有关卡中后退（除非自定义关卡禁止）。
DESC_LAKITU_0,,"Lakitu will throw spinies straight upwards, exactly like in the original games. (was due to a bug)","Lakitu jettera des Hériss en ligne droite verticale, comme il le faisait dans les jeux originaux (à cause d'un bug)","Lakitu rzuca kolczastych prosto w górę, dokładnie jak w oryginale. (Oryginalnie niezamierzane)","ЛakиtУ бУдet пoдбpacыbatь koлючkУ пpяmo bbepx, b toчhoctи kak b opигиhaльhыx игpax. (эto пpoизoшлo из-зa oшибkи)","Lakitu lanzará a los Spiny directamente hacia arriba, exactamente igual que en los juegos originales. (debido a un error)","Lakitu lancerà i koopistrici verticalmente verso l'alto, esattamente come nel gioco originale (questo era a causa di un bug).","ＬＡＫＩＴＵ ＷＩＬＬ ＴＨＲＯＷ ＳＰＩＮＩＥＳ ＳＴＲＡＩＧＨＴ ＵＰＷＡＲＤＳ, ＥＸＡＣＴＬＹ ＬＩＫＥ ＩＮ ＴＨＥ ＯＲＩＧＩＮＡＬ ＧＡＭＥＳ. (ＷＡＳ ＤＵＥ ＴＯ Ａ ＢＵＧ)","Pataas, Klasik na pagtapon ng Lakitu ng spiny","Lakitu wirft Stachis senkrecht nach oben, wie bei den Originalspielen. (Dies passierte aufgrund eines Bugs)",Lakİtu orİjİnal oyunlardakİ gİbİ Spİny'lerİ dümdüz yukarı doğru fırlatacak. (bİr hata nedenİyle),"Lakitu akan melemparkan spiny lurus ke atas, persis seperti di game aslinya. (disebabkan oleh bug)","Lakitus vão arremessar spinys direto para cima, que nem no jogo original.",トゲゾーが　うえに　なげられる。,球盖姆会垂直向上投掷刺球丸子，与原版游戏一致。有点烦人。
DESC_LAKITU_1,,"Lakitu will throw spinies diagonally up, which was the originally intended behaviour.","Lakitu jettera des Hériss en diagonal, ce qui était le comportement originalement prévu. ","Lakitu rzuca kolczastych ukośnie do góry, tak jak miało być w oryginale.","ЛakиtУ пoдбpacыbaet koлючkУ пo диaгohaли bbepx, чto и былo изhaчaльho зaдУmaho.","Lakitu lanzará a los Spiny en diagonal hacia arriba, que era el comportamiento previsto originalmente.","Lakitu lancerà i koopistrici in diagonale verso l'alto, il comportamento originariamente inteso.","ＬＡＫＩＴＵ ＷＩＬＬ ＴＨＲＯＷ ＳＰＩＮＩＥＳ ＤＩＡＧＯＮＡＬＬＹ ＵＰ, ＷＨＩＣＨ ＷＡＳ ＴＨＥ ＯＲＩＧＩＮＡＬＬＹ ＩＮＴＥＮＤＥＤ ＢＥＨＡＶＩＯＵＲ.","Pasulong, Maayos na pagtapon ng Lakitu ng mga spiny","Lakitu wirft Stachis diagonal nach oben, was das eigentliche Verhalten von Lakitu sein sollte.","Lakİtu, Spİny düşmanlarını çapraz olarak yukarı fırlatacak, düzeltİlmİş davranış.","Lakitu akan melemparkan spiny secara diagonal ke atas, yang merupakan perilaku yang dimaksudkan pada awalnya.","Lakitus vão arremessar spinys diagonalmente para cima, o que era originalmente pretendido",トゲゾーが　ななめうえに　なげられる。,球盖姆会斜上方投掷刺球丸子，这是原本预期的行为。没那么烦人。
ACTION_JUMP,,Jump,Sauter,Skok,Пpыжok,Saltar,Salta,ＪＵＭＰ,Jump,Springen,Zıpla,Lompat,Pular,ジャンプ,跳跃
ACTION_RUN,,Run,Courir,Bieg,Бeг,Correr,Corri,ＲＵＮ,Kilos,Rennen,Koş,Lari,Correr,ダッシュ,加速
ACTION_ACTION,"Terrible name, but basically the ""action button"", used for fireballs and powerup actions",Action,Action,Akcja,Дeйctbиe,Acción,Azione,ＡＣＴＩＯＮ,Aksyon,Aktion,Aksİyon,Aksi,Ação,アクション,动作
ACTION_LEFT,,Left,Gauche,Lewo,bлebo,Izquierda,Sinistra,ＬＥＦＴ,Kaliwa,Links,Sol,Kiri,Esquerda,ひだり,左
ACTION_RIGHT,,Right,Droite,Prawo,bпpabo,Derecha,Destra,ＲＩＧＨＴ,Kanan,Rechts,Sağ,Kanan ,Direita,みぎ,右
ACTION_UP,,Up,Haut,Góra,bbepx,Arriba,Su,ＵＰ,Taas,Oben,Yukarı,Atas,Cima,うえ,上
ACTION_DOWN,,Down,Bas,Dół,bhиз,Abajo,Giù,ＤＯＷＮ,Baba,Unten,Aşağı,Bawah ,Baixo,した,下
CUTSCENE_CASTLE_TOAD_1,,Thank you {PLAYER}!,Merci {PLAYER} !,Dziękuję {PLAYER}!,cпacибo {PLAYER}!,¡Gracias {PLAYER}!,Grazie {PLAYER}!,ＴＨＡＮＫ ＹＯＵ {ＰＬＡＹＥＲ}!,Salamat {PLAYER}!,"Danke, {PLAYER}!",Teşekkürler {PLAYER}!,Terima kasih {PLAYER}!,Obrigado {PLAYER}!,ありがとう、{PLAYER}！,谢谢你 {PLAYER}！
CUTSCENE_CASTLE_TOAD_2,,But our princess is in another castle!,Mais notre princesse est dans un autre château !,Ale nasza księżniczka jest w innym zamku!,ho пpиhцecca b дpУгom зamke!,¡Pero nuestra princesa está en otro castillo!,Ma la nostra principessa si trova in un altro castello!,ＢＵＴ ＯＵＲ ＰＲＩＮＣＥＳＳ ＩＳ ＩＮ ＡＮＯＴＨＥＲ ＣＡＳＴＬＥ!,Ngunit wala sa palasyong ito ang ating prinsesa!,Leider ist die Prinzessin in einem anderen Schloss!,ama bİzİm prensesİmİz başka bİr kalede!,Tapi tuan putri berada di kastil lain!,Mas a nossa princesa está em outro castelo!,でも、おひめさまは　べつの　しろに　いるの。,但是公主在另一座城堡里！
CUTSCENE_CASTLE_PEACH_1,,Thank you {PLAYER}!,Merci {PLAYER} !,Dziękuję {PLAYER}!,cпacибo {PLAYER}!,¡Gracias {PLAYER}!,Grazie {PLAYER}!,ＴＨＡＮＫ ＹＯＵ {ＰＬＡＹＥＲ}!,Salamat {PLAYER}!,"Danke, {PLAYER}!",Teşekkürler {PLAYER}!,Terima kasih {PLAYER}!,Obrigado {PLAYER}!,ありがとう、{PLAYER}！,谢谢你 {PLAYER}！
CUTSCENE_CASTLE_PEACH_2,,Your quest is over.,Votre quête est terminée.,Twoja przygoda dobiegła końca.,tboё пpиkлючehиe пoдoшлo k kohцУ.,Tu misión ha terminado.,La tua missione è terminata.,ＹＯＵＲ ＱＵＥＳＴ ＩＳ ＯＶＥＲ.,Dito na nagtatapos ang iyong misyon,Dein Abenteuer ist beendet.,Görevİn sona erdİ.,Quest Anda telah berakhir.,Sua missão chegou ao fim.,きみの　ぼうけんは　おわった,你的冒险结束了。
CUTSCENE_CASTLE_PEACH_3,,We present you a new quest.,Nous vous en présentons une nouvelle.,Prezentujemy tobie nowe wyzwanie.,ho У hac ectь koe-чto eщё для teбя.,Te presentamos una nueva misión.,Ti presentiamo una nuova missione.,ＷＥ ＰＲＥＳＥＮＴ ＹＯＵ Ａ ＮＥＷ ＱＵＥＳＴ.,May bago kaming misyon na para sayo,Nun bieten wir dir ein weiteres.,Sİze yenİ bİr görev sunuyoruz.,Kami hadirkan kau sebuah quest baru.,Nos apresentamos a você uma nova missão.,あたらしい　ぼうけんを　しょうかいしよう,现在让我为你开启一段新的旅程。
CUTSCENE_CASTLE_PEACH_4,,Extra content has been unlocked! Enjoy!,Nouveaux contenus débloqués ! Profitez bien !,Dodatkowe zasoby zostały odblokowane! Powodzenia!,Эkctpa-kohteht paзблokиpobah! beceлиcь!,Se ha desbloqueado contenido extra. Que lo disfrutes!,è stato aggiunto del contenuto extra! Divertiti!,ＥＸＴＲＡ ＣＯＮＴＥＮＴ ＨＡＳ ＢＥＥＮ ＵＮＬＯＣＫＥＤ! ＥＮＪＯＹ!,May access ka na sa ibang content! Enjoy!,Weitere Inhalte sind jetzt verfügbar! Viel Spass!,Ekstra İçerİk açıldı! İyİ eğlenceler!,Konten tambahan telah dibuka! Selamat menikmati!,Conteúdo extra desbloqueado! Aproveite!,ボーナスコンテンツがあいたよ！たのしんでね！,额外内容已解锁！尽情享受吧！
CUTSCENE_MARATHON_PEACH_1,,Great run {PLAYER}!,Belle run {PLAYER}!,Swietna próba {PLAYER}!,xopoший зaбeг {PLAYER}!,¡Gran carrera {PLAYER}!,Bella run {PLAYER}!,ＧＲＥＡＴ ＲＵＮ {ＰＬＡＹＥＲ}!,Mahusay {PLAYER}!,"Sehr gut, {PLAYER}!","İyİ koşu, {PLAYER}!",Lari yang hebat {PLAYER}!,Ótima rodada {PLAYER}!,よくやった、{PLAYER}！,跑得不错 {PLAYER}！
CUTSCENE_MARATHON_PEACH_2,,Your time was: {TIME},Tu as mis: {TIME},Twój czas to: {TIME},tboё bpemя: {TIME},Tu tiempo fue: {TIME},Il tuo tempo è: {TIME},ＹＯＵＲ ＴＩＭＥ ＷＡＳ: {ＴＩＭＥ},Ang oras mo ay: {TIME},Deine Zeit ist: {TIME},Senİn zamanın: {TİME},Waktu Anda adalah: {TIME},Seu tempo foi: {TIME},タイム：{TIME},你的时间是：{TIME}
CUTSCENE_MARATHON_PEACH_3,,That's a new best! Great job!,C'est un nouveau record ! Bien joué !,To nowy rekord! Dobra robota!,hobый pekopд! Пoздpabляю!,¡Esa es una nueva mejor marca! ¡Buen trabajo!,Questo è un nuovo record! Bel lavoro!,ＴＨＡＴ'Ｓ Ａ ＮＥＷ ＢＥＳＴ! ＧＲＥＡＴ ＪＯＢ!,Bagong record! Yehey!,Dies ist ein neuer Rekord! Glückwunsch!,Bu yenİ bİr rekor! Harİka İş!,Itu rekor baru! Kerja bagus!,Esse foi um novo recorde! Parabéns!,きろくこうしん！おめでとう！,这是新的最佳成绩！太棒了！
LEVEL_WARPZONE,,Welcome to Warp Zone!,Bienvenue dans la zone de téléportation !,Witaj w Metrze Rur!,Дoбpo пoжaлobatь b bapп ЗohУ!,¡Bienvenido a la Warp Zone!,Benvenuto nella Warp Zone!,ＷＥＬＣＯＭＥ ＴＯ ＷＡＲＰ ＺＯＮＥ!,Welcome sa Warp Zone,Willkommen bei der Warp-Zone!,Warp Bölgesİne Hoş Geldİn!,Selamat datang di Warp Zone!,Bem-vindo a Warp Zone!,ワープゾーンへようこそ！,欢迎来到跳关区！
CHALLENGE_MISS,,Miss…,Perdu…,Zguba…,Пpomax…,Perdió…,Peccato…,ＭＩＳＳ…,Ayun lang…,Verloren…,Kaybettİn…,Gagal…,Perdeu...,ミス...,失误…
CHALLENGE_DIALOGUE_RESULTS,"Dialogue is what toad says, when telling you your final results on the challenge hunt",Your Results,Résultats Finaux,Twoje Rezultaty,tboи peзУльtatы,Tus resultados,I tuoi risultati,ＹＯＵＲ ＲＥＳＵＬＴＳ,Iyong resulta,End- ergebnis,Sonuçların,Hasil Anda,Seus Resultados,けっか,你的成绩
CHALLENGE_DIALOGUE_SCORE,,Score,Score,Wynik,oчkи,Puntuación,Punteggio,ＳＣＯＲＥ,Score,Punkte,Skor,Skor,Pontuação,ポイント,分数
CHALLENGE_DIALOGUE_COINS,,Coins,Pièces,Monety,mohetы,Monedas,Monete,ＣＯＩＮＳ,Coins,Münzen,Altınlar,Koin,Moedas,コイン,金币
CHALLENGE_DIALOGUE_EXIT,,Press jump to continue.,Appuyez pour quitter,Naciśnij aby wyjść,haжmиte любУю khoпkУ.,Pulse Saltar para continuar.,"Schiaccia il pulsante ""salta"" per uscire.",ＰＲＥＳＳ ＪＵＭＰ ＴＯ ＣＯＮＴＩＮＵＥ.,Pinduntin ang Jump button para umalis,Zum Beenden springen.,Çıkmak İçİn zıpla.,Tekan lompat untuk keluar.,Pressione pular para continuar.,「ジャンプ」を　おして　ぞっこう,按跳跃键继续。
TIME_UP,message that shows when you run out of time,Time Up!,Temps écoulé !,Koniec Czasu,bpemя bышлo!,¡Se acabo el Tiempo!,Tempo scaduto!,ＴＩＭＥ ＵＰ!,Time up!,Zeit vorbei!,Zaman Bİttİ!,Waktunya Habis!,Acabou o Tempo!,TIME UP,时间到！
HUD_TIME,,Time,Temps,Czas,bpemя ,Tiempo,Tempo,ＴＩＭＥ,Oras!,Zeit,Zaman,Waktu,Tempo,TIME,  时间
HUD_WORLD,,World,Monde,Świat,mиp,Mundo,Mondo,ＷＯＲＬＤ,Mundo,Welt,Dünya,Dunia,Mundo,WORLD,世界
RESOURCE_AVAILABLE,,Available Resource Packs,Packs de ressources disponibles,Dostępne Paczki Zasobów,ДoctУпhыe tekctУp-пakи,Paquetes de recursos disponibles,Pacchetti di risorse disponibili,ＡＶＡＩＬＡＢＬＥ ＲＥＳＯＵＲＣＥ ＰＡＣＫＳ,Mga available na Resource Pack,Verfügbare Ressourcenpakete,Mevcut Kaynak Paketlerİ,Paket Resource yang Tersedia,Pacotes de Recurso Disponíveis,リソースパック,可用资源包
RESOURCE_LOADED,,Loaded Resource Packs,Packs de ressources chargés,Załadowane Paczki Zasobów,ЗaгpУжehhыe tekctУp-пakи,Paquetes de recursos cargados,Pacchetti di risorse caricati,ＬＯＡＤＥＤ ＲＥＳＯＵＲＣＥ ＰＡＣＫＳ,Mga loaded na Resource Pack,Geladene Ressourcenpakete,Yüklü Kaynak Paketlerİ,Paket Resource Aktif,Pacotes de Recurso Carregados,ロードされたリソースパック,已加载资源包
RESOURCE_OPEN_FOLDER,,Open Folder,Ouvrir Dossier,Otwórz Folder,otkpыtь пaпkУ,Abrir Carpeta,Apri cartella,ＯＰＥＮ ＦＯＬＤＥＲ,Buksan ang Folder,Ordner öffnen,Klasörü Aç,Buka Folder,Abrir Pasta,フォルダーをひらく,打开文件夹
RESOURCE_REFRESH,,Refresh List,Rafraichir Liste,Odśwież Listę,oбhobиtь лиct,Actualizar lista,Aggiorna elenco,ＲＥＦＲＥＳＨ ＬＩＳＴ,Reload,Liste aktualisieren,Lİsteyİ Yenİle,Perbarui Daftar,Recarregar Lista,リストをこうしん,刷新列表
CUTSCENE_SP_PEACH_1,,Thank you {PLAYER}!,Merci {PLAYER} !,Dziękuję {PLAYER}!,cпacибo {PLAYER}!,"¡Gracias, {PLAYER}!",Grazie {PLAYER}!,ＴＨＡＮＫ ＹＯＵ {ＰＬＡＹＥＲ}!,Salamat {PLAYER}!,Danke {PLAYER}!,Teşekkürler {PLAYER}!,Terima kasih {PLAYER}!,Obrigado {PLAYER}!,ありがとう、{PLAYER}！,谢谢你 {PLAYER}！
CUTSCENE_SP_PEACH_2,,You cleared every world,Vous avez parcouru chaque monde,Ukończyłeś każdy świat,kaждый mиp был пpoйдeh,Has completado todos los mundos.,Hai completato ogni mondo,ＹＯＵ ＣＬＥＡＲＥＤ ＥＶＥＲＹ ＷＯＲＬＤ,Natapos mo ang bawat mundo!,Alle Welten besiegt,Sen tüm dünyaları bİtİrdİn,Kau selesaikan setiap dunia,Você passou por todos os mundos,すべてのワールドがクリアされた,你通关了所有世界！
CUTSCENE_SP_PEACH_3,,You are a super player!,Vous êtes un super joueur !,Jesteś super graczem!,tы cУпep-Игpok!,¡Eres un jugador increíble!,Sei un super giocatore!,ＹＯＵ ＡＲＥ Ａ ＳＵＰＥＲ ＰＬＡＹＥＲ!,Isa ka talagang suepr player!,Du bist ein toller Spieler!,Sen süper bİr oyuncusun!,Kau adalah pemain yang hebat!,Você é um super player!,きみはスーパープレイヤーだ！,你真是超级玩家！
,,,Vous êtes une superbe joueuse !,,,,,,,,,,,,
CUTSCENE_LL_PEACH_1,This is one of the worst speeches ive ever read,Peace is paved,La paix est restaurée,Pokój się stał,mиp hactaл,La paz está pavimentada,La principessa peach è salva,ＰＥＡＣＥ ＩＳ ＰＡＶＥＤ,At nakamit na ang kapayapan,Königreich gerettet,Barışa yol döşendİ,Perdamaian telah diaspal,A paz foi alcançada,へいわは　かいふくされた,和平已经铺就
CUTSCENE_LL_PEACH_2,"Feel free to rewrite how you want, and feel free to preserve the AWFUL translation style of the original message",With Kingdom Saved,Et le royaume sauvé,Królestwo trwa,Цapctbo cпaceho,Con el Reino Salvao,e anche il suo regno.,ＷＩＴＨ ＫＩＮＧＤＯＭ ＳＡＶＥＤ,Nang maligtas ang Kaharian,Und Frieden gesichert,"Krallık da kurtarıldı,
gönülden şendİ.",Dengan Kerajaan Terselamatkan,Com o Reino Salvo,おうこくは　すくわれ,王国得以拯救
CUTSCENE_LL_PEACH_3,"Just make sure to get the idea of ""The day is saved! You're our hero! Hurrah!""",Hurrah to {PLAYER},Hourra pour {PLAYER} !,Niech żyje {PLAYER},cлaba {PLAYER},Hurra por {PLAYER},Hurrah a {PLAYER}!,ＨＵＲＲＡＨ ＴＯ {ＰＬＡＹＥＲ},Magpugay kay {PLAYER} !,Hurra an {PLAYER}!,Yaşasın {PLAYER}!,Hore untuk {PLAYER}!,Parabéns {PLAYER},{PLAYER}ばんざい,万岁 {PLAYER}！
CUTSCENE_LL_PEACH_4,,Our only hero,Notre grand héro,Nasz bohater,haш beлиkий гepoй,Nuestro único héroe,Il nostro unico eroe.,ＯＵＲ ＯＮＬＹ ＨＥＲＯ,Ang ating bayani,"Lieber Held,",Bİzİm tek kahramanımız,Pahlawan kita satu-satunya,Nosso herói destemido,ゆいいつの　ヒーロー,我们唯一的英雄
CUTSCENE_LL_PEACH_4F,"needed for languages which use female pronouns for ""hero"" (toadette), defaults to male pronouns otherwise",Our only heroine,Notre grand héroïne,Nasza bohaterka,haшa beлиkaя гepoиhя,Nuestra única heroína,la nostra unica eroina.,ＯＵＲ ＯＮＬＹ ＨＥＲＯＩＮＥ,Ang ating bayani,"Liebe Heldin,",,Pahlawan wanita kita satu-satunya,Nossa heroína destemida,ゆいいつの　ヒーロー,我们唯一的英雄
CUTSCENE_LL_PEACH_5,,This ends your trip,C'est ainsi que se termine,"Kończy się szlak,",bot и ckaзkи koheц,Aquí termina tu viaje.,la tua avventura di una lunga amicizia,ＴＨＩＳ ＥＮＤＳ ＹＯＵＲ ＴＲＩＰ,Dito nagtatapos,Somit endet unsere,Son buldu bu sefer,Ini mengakhiri perjalanan Anda,Aqui termina sua rotina,ながい　ゆうじょうの,这段漫长的友谊之旅
CUTSCENE_LL_PEACH_6,,Of a long friendship,Cette bien longue amitié,Przyjaźni znak.,Дoлгoй дpУжбы,De una larga amistad,e giunta al termine.,ＯＦ Ａ ＬＯＮＧ ＦＲＩＥＮＤＳＨＩＰ,Ang ating paglalakbay,Lange Reise.,Dostlukla geçen nİce sene,Dari persahabatan yang panjang,De uma amizade divina,たびが　おわる,从此画下句号
CUTSCENE_LL_PEACH_7,,100000 PTS. ADDED,100000 PTS. Rajoutés,100000 PKT. DODANYCH,100000 oЧk. ДoБabЛeho,100000 PTS. AÑADIDOS,100000 PT. AGGIUNTI,100000 ＰＴＳ. ＡＤＤＥＤ,100000 PTS. ADDED,"100,000 Pkt. hinzugefügt",Her kalan hayat İçİn,100000 POIN DITAMBAHKAN,100000 PTS. ADICIONADOS,ざんき　1ごとに,每条剩余的生命
CUTSCENE_LL_PEACH_8,,FOR EACH LIFE LEFT.,Pour chaque vies restantes,ZA KAŻDE POZOSTAŁE ŻYCIE.,Зa kaЖДУЮ octabШУЮcЯ ЖИЗhЬ,POR CADA VIDA RESTANTE,PER OGNI VITA RIMASTA.,ＦＯＲ ＥＡＣＨ ＬＩＦＥ ＬＥＦＴ.,SA BAWAT LIFE NA NATITIRA.,für jedes übrige Leben,100.000 Puan Eklendİ!,UNTUK SETIAP KEHIDUPAN YANG TERSISA.,PARA CADA VIDA RESTANTE.,100000ポイント　かさん,多获得 100000 分
MARATHON_SELECT,,Select Marathon,Choisir Marathon,Wybierz Maraton,bыбepиte mapaфoh,Seleccionar maratón,Seleziona maratona,ＳＥＬＥＣＴ ＭＡＲＡＴＨＯＮ,Pumili ng maraton,Marathon auswählen,Maraton Seç,Pilih Marathon,Selecione uma Maratona,マラソンをえらぶ,选择马拉松
MARATHON_FULL,,Full Marathon,Marathon Complet,Pełny Maraton,Пoлhый mapaфoh,Maratón completo,Maratona completa,ＦＵＬＬ ＭＡＲＡＴＨＯＮ,Buong maraton,Spiel-Marathon,Full Maraton,Maraton Penuh,Maratona Completa,フルマラソン,完整马拉松
MARATHON_LEVEL,,Single Level,Niveau Unique,Pojedynczy Poziom,oдиh Уpobehь,Nivel único,Singolo livello,ＳＩＮＧＬＥ ＬＥＶＥＬ,Isang lebel,Ein-Level-Marathon,Tek Level,Single Level,Nível Único,1ステージ,单关竞速
MENU_EXTRAS,,Extras,Extras,Dodatki,Дoпoлhиteльho,Extras,Extra,ＥＸＴＲＡＳ,Extra,Extras,Ekstralar,Extras,Extras,ボーナス,额外内容
MENU_CREDITS,,Credits,Crédits,Zasługi,tиtpы,Créditos,Crediti,ＣＲＥＤＩＴＳ,Credits,Credits,Katkıda Bulunanlar,Kredit,Créditos,クレジット,演职员表
MENU_ACHIEVEMENTS,,Achievements,Succès,Osiągnięcia,Дoctижehия,Logros,Obiettivi,ＡＣＨＩＥＶＥＭＥＮＴＳ,Tropeo,Erfolge,Başarılar,Achievement,Conquistas,トロフィー,成就
GHOST_SELECT,Do you want a ghost or not during the run?,Select Ghost,Fantôme ?,Wybierz Ducha,bыбepиte Пpиbeдehиe,Seleccionar fantasma,Seleziona fantasma,ＳＥＬＥＣＴ ＧＨＯＳＴ,Iyong previous ghost,Geist anzeigen?,Hayalet Seç,Pilih Hantu,Selecione seu Fantasma,テレサをえらぶ,选择幽灵
DELETION_CONFIRM,,Confirm?,Confirmer ?,Potwierdzić?,Пoдtbepдиtь?,¿Confirmar?,Confermi?,ＣＯＮＦＩＲＭ?,I-confirm?,Bestätigen?,Onayla,Mengonfirmasi?,Confirmar?,かくにん？,确认？
DELETION_CONFIRM_2,,You Sure?,Vous êtes sûr ?,Jesteś Pewien?,bы Уbepehы?,¿Estás seguro?,Ne sei sicuro?,ＹＯＵ ＳＵＲＥ?,Sigurado ka?,Sicher?,Emİn Mİsİn?,Kau Yakin?,Certeza?,ほんとうにいいの？,你确定？
DELETION_WARNING,,Warning! This will permanently delete data!,Attention ! Toute données sera supprimer à jamais !,Uwaga! To trwale usunie dane!,bhиmahиe! baши дahhыe удaляtcя habceгдa!,¡Atención! ¡Esto eliminará los datos de forma permanente!,Attenzione! L'eliminazione dei dati è permanente!,ＷＡＲＮＩＮＧ! ＴＨＩＳ ＷＩＬＬ ＰＥＲＭＡＮＥＮＴＬＹ ＤＥＬＥＴＥ ＤＡＴＡ!,,Achtung! Dies wird permanent Speicherdaten löschen!,Uyarı! Bu tüm verİlerİ kalıcı olarak sİlecektİr!,Peringatan! Ini akan menghapus data secara permanen!,Aviso! Isso vai permanentemente deletar seus dados,ちゅうい！これによって　データが　かんぜんに　さくじょされる　かのせいが　ある。,警告！此操作将永久删除数据！
DELETION_CAMPAIGN,,Delete Campaign Data,Supprimer Données de la Campagne,Usuń Dane Kampanii,Удaлиtь дahhыe kamпahий,Eliminar datos de la campaña,Elimina dati della campagna,ＤＥＬＥＴＥ ＣＡＭＰＡＩＧＮ ＤＡＴＡ,I-delete ang data ng Kampanya,Kampagne-Speicherdaten löschen,Kampanya Verİlerİnİ Sİl,Hapus Data Kampanye,Excluir Dados da Campanha,キャンペーンデータをさくじょする,删除战役数据
DELETION_CHALLENGE,,Delete Challenge Data,Supprimer Données des Challenges,Usuń Dane Wyzwań,Удaлиtь дahhыe иcпыtahий,Eliminar datos del desafío,Elimina dati delle sfide,ＤＥＬＥＴＥ ＣＨＡＬＬＥＮＧＥ ＤＡＴＡ,I-delete ang data ng mga Hamon,Herausforderungen-Speicherdaten löschen,Zorluk Verİlerİnİ Sİl,Hapus Data Tantangan,Excluir Dados de Desafio,チャレンジデータをさくじょする,删除挑战数据
DELETION_MARATHON,,Delete Marathon Data,Supprimer Données des Marathons,Usuń Dane Maratonów,Удaлиtь дahhыe mapaфohob,Eliminar datos del maratón,Elimina dati delle maratone,ＤＥＬＥＴＥ ＭＡＲＡＴＨＯＮ ＤＡＴＡ,I-delete ang data ng Maraton,Marathon-Speicherdaten löschen,Maraton Verİlerİnİ Sİl,Hapus Data Marathon,Excluir Dados de Maratona,マラソンデータをさくじょする,删除马拉松数据
DELETION_BOO,,Delete You VS. Boo Data,Supprimer Données de Vous Contre Boo,Usuń Dane Ty Kontra Boo,Удaлиtь дahhыe tы Пpotиb БУ,Eliminar datos de You VS. Boo,Elimina dati di Tu vs Boo,ＤＥＬＥＴＥ ＹＯＵ ＶＳ. ＢＯＯ ＤＡＴＡ,I-delete ang data ng Ikaw Kontra Multo,Du Vs. Boo-Speicherdaten löschen,Sen VS. Boo Verİlerİnİ Sİl,Hapus Data Kau VS. Boo,Deletar Dados de Voçê VS. Boo,テレサレースデータをさくじょする,删除你 VS 害羞幽灵数据
DELETION_ACHIEVEMENT,,Delete Achievement Data,Supprimer Données des Succès,Usuń Dane Osiągnięć,Удaлиtь дahhыe дoctижehий,Eliminar datos de logros,Elimina dati degli obiettivi,ＤＥＬＥＴＥ ＡＣＨＩＥＶＥＭＥＮＴ ＤＡＴＡ,I-delete ang data ng mga Tropeo,Erfolge-Speicherdaten löschen,Başarı Verİlerİnİ Sİl,Hapus Data Achievement,Deletar Dados de Conquistas,トロフィーデータをさくじょする,删除成就数据
DELETION_ALL,,Delete Everything,Tout supprimer,Usuń Wszystko,Удaлиtь bcё,Eliminar todo,Elimina tutto,ＤＥＬＥＴＥ ＥＶＥＲＹＴＨＩＮＧ,I-delete ang kabuohang data,Alle Speicherdaten löschen,Herşeyİ Sİl,Hapus Semuanya,Deletar Tudo,すべてのデータをさくじょする,删除全部数据
CREDITS_SKIP,,Press Jump to Skip...,Appuyez sur Saut pour passer,Wciśnij Skok aby Pominąć,"haжmиte пpыжok, чtoбы пpoпУctиtь...",Pulse Saltar para omitir,Premi Salta per saltare...,ＰＲＥＳＳ ＪＵＭＰ ＴＯ ＳＫＩＰ...,Pindutin ang Jump para magpatuloy,Zum Überspringen Sprung-Taste drücken.,Atlamak İçİn Zıplayın...,Tekan Lompat untuk Melewati...,Aperte Pular para Pular,ジャンプキーでスキップ,按跳跃键跳过…
EDITOR_MAIN_CREATE_0,,New Level,Nouveau Niveau,Nowy Poziom,hobый Уpobehь,Neuvo nivel,Nuovo livello,ＮＥＷ ＬＥＶＥＬ,Bagong Lebel,Neues Level,Yenİ Level,Level Baru,Novo Nível,あたらたなステージ,新建关卡
EDITOR_MAIN_CREATE_1,,Make a level…,Créer un niveau,Stwórz poziom,coздatь Уpobehь...,Crear un nivel...,Crea un livello...,ＭＡＫＥ Ａ ＬＥＶＥＬ…,Gumawa ng Lebel...,Erstelle ein Level.,Level Oluştur...,Buat level…,Crie um nível...,ステージをつくる,制作一个关卡
EDITOR_MAIN_LIST_NOLEVEL,,No levels found!,Aucun Niveaux trouvés !,Nie znaleziono poziomów,Уpobheй he haйдeho!,¡No se han encontrado niveles!,Nessun livello trovato!,ＮＯ ＬＥＶＥＬＳ ＦＯＵＮＤ!,Walang makitang lebel...,Keine Level vorhanden!,Level Bulunamadı!,Tidak ada level yang ditemukan!,Nenhum nível encontrado!,ステージがみつからない！,未找到关卡！
EDITOR_MAIN_LEVEL_PLAY,,Play,Jouer,Graj,Игpatь,Jugar,Gioca,ＰＬＡＹ,Play,Spielen,Oyna,Main,Jogar,あそぶ,游玩
EDITOR_MAIN_LEVEL_EDIT,,Edit,Éditer,Edytuj,peдaktиpobatь,Editar,Modifica,ＥＤＩＴ,I-edit,Bearbeiten,Düzenle,Edit,Editar,へんしゅう,编辑
EDITOR_MAIN_LEVEL_DELETE,,Delete,Supprimer,Usuń,Удaлиtь,Eliminar,Elimina,ＤＥＬＥＴＥ,I-delete,Löschen,Sİl,Hapus,Deletar,さくじょ,删除
EDITOR_MAIN_LEVEL_CONFIRM,,Confirm?,Confirmer ?,Potwierdzić?,Пoдtbepдиtь?,¿Confirmar?,Confermi?,ＣＯＮＦＩＲＭ?,I-confirm?,Bestätigen?,Onayla,Mengonfirmasi?,Confirmar?,かくにん？,确认？
EDITOR_MAIN_OPEN_FOLDER,,Open Folder,Ouvrir Dossier,Otwórz Folder,otkpыtь пaпkУ,Abrir carpeta,Apri cartella,ＯＰＥＮ ＦＯＬＤＥＲ,Buksan ang folder,Ordner öffnen,Klasörü Aç,Buka Folder,Abrir Pasta,フォルダをひらく,打开文件夹
EDITOR_MAIN_REFRESH,,Refresh List,Rafraîchir Liste,Odśwież Listę,oбhobиtь лиct,Actualizar lista,Aggiorna lista,ＲＥＦＲＥＳＨ ＬＩＳＴ,i-refresh ang list,Liste aktualisieren,Lİsteyİ Yenİle,Perbarui Daftar,Recarregar Lista,リストをこうしん,刷新列表
EDITOR_MAIN_LSS,,Browse LSS,Surfer sur LSS,Przeglądaj LSS,Пoиck b LSS,Explorar LSS,Esplora LSS,ＢＲＯＷＳＥ ＬＳＳ,Humanap sa LSS,LSS durchsuchen,LSS'ye Gözat,Jelajahi LSS,Pesquisa LSS,LSSをえつらんする,浏览关卡共享广场
EDITOR_LSS_SORT,,Sort:,Filtre:,Filtruj,coptиpobka:,Ordenar,Filtra:,ＳＯＲＴ:,Sort:,Sortieren:,Sırala:,Menyortir:,Organizar:,ならべかえる：,排序：
EDITOR_LSS_SORT_FEATURED,,Featured,Mis en avant,Wyróżnione,pekomehдУemыe,Destacados,In evidenza,ＦＥＡＴＵＲＥＤ,Featured,Empfohlen,Öne Çıkan,Unggulan,Destaque,にんき,推荐
EDITOR_LSS_SORT_RECENT,,Recent,Récent,Ostatnie,heдabhиe,Recientes,Più recente,ＲＥＣＥＮＴ,Bago ,Neu,Yenİ,Terkini,Recente,あたらしい,最新
EDITOR_LSS_SORT_DOWNLOADS,,Downloads,Téléchargements,Pobrane,ckaчиbahия,Descargas,Più scaricati,ＤＯＷＮＬＯＡＤＳ,mga nakadownload,Downloads,İndİrİlenler,Unduhan,Downloads,ダウンロードすう,下载量
EDITOR_LSS_SORT_RATING,,Ratings,Notes,Najlepsze,oцehkи,Valoraciones,Valutazioni,ＲＡＴＩＮＧＳ,Ratings,Bewertungen,Derecelendİrmeler,Ratings,Classificações,とうひょうすう,评分
EDITOR_LSS_ORDER,,Order:,Ordre:,Kolejność,Пopядok:,Ordenar:,Ordine:,ＯＲＤＥＲ:,Order:,Reihenfolge:,Sıra:,Order:,Ordem:,じゅんじょ：,顺序：
EDITOR_LSS_ORDER_ASC,,Ascending,Croissant,Wzrastająca,Пo boзpactahию,Ascendente,Crescente,ＡＳＣＥＮＤＩＮＧ,Pataas,Aufsteigend,Artan Sırada,Menaikkan,Crescente,しょうじゅん,升序
EDITOR_LSS_ORDER_DEC,,Descending,Décroissant,Malejąca,Пo Убыbahию,Descendente,Decrescente,ＤＥＳＣＥＮＤＩＮＧ,Pababa,Absteigend,Azalan Sırada,Menurun,Decrescente,こうじゅん,降序
EDITOR_LSS_PAGE,,Page: {NUM},Page : {NUM},Strona: {NUM},ctpahицa: {NUM},Página: {NUM},Pagina: {NUM},ＰＡＧＥ: {ＮＵＭ},Pahina: {NUM},Seite: {NUM},Sayfa: {NUM},Halaman: {NUM},Página: {NUM},ページ：{NUM},第 {NUM} 页
EDITOR_LSS_DOWNLOAD,Make sure these are uppercase (godots a bit weird),DOWNLOAD,TÉLÉCHARGER,POBIERZ,УctahobИtЬ,DESCARGAR,SCARICA,ＤＯＷＮＬＯＡＤ,I-DOWNLOAD,HERUNTERLADEN,İNDİR,UNDUH,DOWNLOAD,ダウンロード,下载
EDITOR_LSS_OPEN_PAGE,Opens the level page on LSS,OPEN LSS,OUVRIR LSS,OTWÓRZ LSS,otkpЫtЬ LSS,ABRIR LSS,APRI LSS,ＯＰＥＮ ＬＳＳ,BUKSAN ANG LSS,IM BROWSER ÖFFNEN,LSS'Yİ AÇ,BUKA LSS,ABRIR LSS,LSSをひらく,打开 LSS
RESOURCE_PACK_WARNING,,"CHANGING RESOURCE PACKS MID LEVEL WILL CAUSE COINS + BLOCKS TO RESPAWN. THIS IS A GODOT BUG, THAT I CANNOT FIX. SORRY.","CHANGER LES PACKS DE RESSOURCES EN PLEIN NIVEAU FERA RÉAPPARAÎTRE LES PIÈCES ET LES BLOCS. C'EST UN BUG DE GODOT, QUE JE NE PEUX PAS CORRIGER. DÉSOLÉ.","ZMIANA PACZEK ZASOBÓW PODCZAS POZIOMU SPOWODUJE POWRÓT MONET I BLOKÓW. TO BŁĄD, KTÓREGO NIE MOGĘ NAPRAWIĆ. PRZEPRASZAM.","ИЗmehehИe pecУpc Пakob ПocpeДИ УpobhЯ ПpИbeДet k bocctahobЛehИЮ mohet И БЛokob. Эto oШИБka ГoДota, kotopУЮ Я he moГУ ИcПpabИtЬ. ИЗbИhИte.",,,,,AUFGRUND EINES GODOT-BUGS WERDEN MÜNZEN UND BLÖCKE BEIM ÄNDERN EINES PACKS RESPAWNEN.,"KAYNAK PAKETLERİNİ LEVELİN ORTASINDA DEĞİŞTİRMEK ALTIN VE BLOKLARIN YENİDEN DOĞMASINA NEDEN OLACAKTIR. BU, BENİM DÜZELTEMEDİĞİM BİR GODOT HATASIDIR. ÜZGÜNÜM.","MENGGANTI PAKET RESOURCE DI TENGAH LEVEL AKAN MENYEBABKAN KOIN + BLOK RESPAWN. INI BUG GODOT, YANG TIDAK BISA SAYA PERBAIKI. MAAF.","MUDAR PACOTES DE RECURSO ENQUNTO ESTÁ EM UM NÍVEL VAI CAUSAR MOEDAS + BLOCOS RESETAREM. ESSE É UM BUG DO GODOT, QUE EU NÃO POSSO CONSERTAR. DESCULPA.",ゲームプレイちゅうに　リソースパックを　へんこうすると、もんだいが　はっけいする　ことがある。,在关卡中途切换资源包会导致金币和砖块重新生成。这是 Godot 引擎的限制，对此带来的不便深表歉意。
RESOURCE_PACK_CREATE,,Create new resource pack,,Stwórz nową paczkę zasobów,coздatь hobый pecуpc Пak,Crear nuevo paquete de recursos,Crea un nuovo pacchetto di risorse,,,Neues Ressourcenpaket erstellen,YENİ KAYNAK PAKETİ OLUŞTUR,Buat paket resource baru,Criar novo pacote de recursos,あたらしいリソースパック,创建新资源包
LEVEL_TITLE,,{NAME} By {AUTHOR},{NAME} par {AUTHOR},{NAME} przez {AUTHOR},{NAME} ot {AUTHOR},{NOMBRE} Por {AUTOR},{NAME} Fatto da {AUTHOR},{ＮＡＭＥ} ＢＹ {ＡＵＴＨＯＲ},{NAME} ni {AUTHOR},{NAME} von {AUTHOR},{AUTHOR} Tarafından {NAME},{NAME} Oleh {AUTHOR},{NAME} Por {AUTHOR},{AUTHOR}による「{NAME}」,{NAME} 作者：{AUTHOR}
EDITOR_HUD_MENU,,{KEY} to open menu,{KEY} pour ouvrir le menu,{KEY} aby otworzyć menu,{KEУ} для otkpыtия mehю,{TECLA} para abrir el menú,{KEY} per aprire il menu,{ＫＥＹ} ＴＯ ＯＰＥＮ ＭＥＮＵ,pindutin ang {KEY} pagbukas ng menu,{KEY} um das Menü zu öffnen.,{KEY} İle menüyü aç,{KEY} untuk membuka menu,{KEY} para abrir menu,{KEY}キーでメニューをひらく,{KEY} 打开菜单
EDITOR_HUD_LAYER,,Layer {LAYER},Couche {LAYER},Warstwa {LAYER},cлoй {LAYER},Capa {CAPA},Livello,ＬＡＹＥＲ {ＬＡＹＥＲ},Layer {LAYER},Ebene {LAYER},Kat {LAYER},Layer {LAYER},Camada {LAYER},レィヤー,图层 {LAYER}
EDITOR_MENU_PARTS,,Parts,Éléments,Części,Чactи,Partes,Parti,ＰＡＲＴＳ,Mga Parte,Teile,Parçalar,Bagian,Peças,パーツ,部件
EDITOR_MENU_PARTS_0,,Tiles,Terrains,Klocki,taйлы,Azulejos,Tasselli,ＴＩＬＥＳ,Tiles,Oberflächen,Döşemeler,Ubin,Blocos de Chão,タイル,地形
EDITOR_MENU_PARTS_1,,Pipes,Tuyaux,Rury,tpУбы,Tuberías,Tubi,ＰＩＰＥＳ,Mga Tubo,Röhren,Borular,Pipa,Canos,どかん,管道
EDITOR_MENU_PARTS_2,,Enemies,Ennemis,Przeciwnicy,bpaги,Enemigos,Nemici,ＥＮＥＭＩＥＳ,Mga Kalaban,Gegner,Düşmanlar,Musuh,Inimigos,てき,敌人
EDITOR_MENU_PARTS_3,,Blocks,Blocs,Bloki,Блokи,Bloques,Blocchi,ＢＬＯＣＫＳ,Mga Bloke,Blöcke,Bloklar,Bloks,Blocos,ブロック,砖块
EDITOR_MENU_PARTS_4,,Objects,Objets,Objekty,oбъektы,Objetos,Oggetti 1,ＯＢＪＥＣＴＳ,Mga Gamit 1,Objekte,Nesneler,Objeks,Objetos,オブジェクト,物件
EDITOR_MENU_PARTS_5,,Items,Items,Przedmioty,Пpeдmetы,Elementos,Oggetti 2,ＩＴＥＭＳ,Mga Gamit 2,Items,Eşyalar,Items,Items,アイテム,道具
EDITOR_MENU_LEVEL,,Level,Niveau,Poziom,Уpobehь,Nivel,Livello,ＬＥＶＥＬ,Lebel,Level,Level,Level,Nível,ステージ,关卡
EDITOR_MENU_BG,,BG,ARR. PLAN,Tło,Фoh,BG,Sfondo,ＢＧ,BG,Hintergrund,Arka Plan,BG,BG,はいけい,背景
"Editor Tile Names (Im SO sorry, there are so fucking many) dont have to bother doing these (just english is good enough :) )",,,,,,,,,,,,,,,
,,,Jesus fucking christ,,,,,,,,,,,,
TERRAIN_GROUND,,Ground Tile,Sol,Ziemia,Зemля,Baldosa,,ＧＲＯＵＮＤ ＴＩＬＥ,Ground Tile,Boden,Zemİn Bloğu,Ubin Tanah,Bloco de Chão,じめん,地面图块
TERRAIN_SEMI_A,,Semi-Solid A,Semi-Solide A,Pół-Solida A,ПoлУпpohицaemaя плatфopma a,Semisólida A,,ＳＥＭＩ-ＳＯＬＩＤ Ａ,Semi-Solid A,Schwebende Plattform A,Yarı Katı A,Semi-Padat A,Semi-Sólido A,はんあたり　ちけいA,半固体 A
TERRAIN_SEMI_B,,Semi-Solid B,Semi-Solide B,Pół-Solida B,ПoлУпpohицaemaя плatфopma Б,Semisólida Sólido B,,ＳＥＭＩ-ＳＯＬＩＤ Ｂ,Semi-Solid B,Schwebende Plattform B,Yarı Katı B,Semi-Padat B,Semi-Sólido B,はんあたり　ちけいB,半固体 B
TILE_SLOPE1_TL,,Steep Slope TL,Pente abrupte HG,Stromy Pagórek GL,kpУtoй cпУck TL,Pendiente pronunciada TL,,ＳＴＥＥＰ ＳＬＯＰＥ ＴＬ,Steep Slope (Taas sa Kaliwa),Starke Neigung OL,Dİk Eğİm - TL,Lereng Curam TL,Rampa Íngrime CSE,きゅうな　さか（ヒウ）,陡坡 左上
TILE_SLOPE1_TR,,Steep Slope TR,Pente abrupte HD,Stromy Pagórek GP,kpУtoй cпУck TR,Pendiente pronunciada TR,,ＳＴＥＥＰ ＳＬＯＰＥ ＴＲ,Steep Slope (Taas sa Kanan),Starke Neigung OR,Dİk Eğİm - TR,Lereng Curam TR,Rampa Íngrime CSD,きゅうな　さか（ミウ）,陡坡 右上
TILE_SLOPE1_BL,,Steep Slope BL,Pente abrupte BG,Stromy Pagórek DL,kpУtoй cпУck BL,Pendiente pronunciada BL,,ＳＴＥＥＰ ＳＬＯＰＥ ＢＬ,Steep Slope (Baba sa Kaliwa),Starke Neigung UL,Dİk Eğİm - BL,Lereng Curam BL,Rampa Íngrime CIE,きゅうな　さか（ヒシ）,陡坡 左下
TILE_SLOPE1_BR,,Steep Slope BR,Pente abrupte BD,Stromy Pagórek DP,kpУtoй cпУck BR,Pendiente pronunciada BR,,ＳＴＥＥＰ ＳＬＯＰＥ ＢＲ,Steep Slope (Baba sa Kanan),Starke Neigung UR,Dİk Eğİm - BR,Lereng Curam BR,Rampa Íngrime CID,きゅうな　さか（ミシ）,陡坡 右下
TILE_SLOPE2_TLA,Gentle Slopes the lower half,Gentle Slope A TL,Pente douce A HG,Gładki Pagórek A GL,Плabhый cпУck a bЛ,Pendiente suave A TL,,ＧＥＮＴＬＥ ＳＬＯＰＥ Ａ ＴＬ,Gentle Slope A (Taas sa Kaliwa),Schwache Neigung A OL,Hafİf Eğİm - A TL,Lereng Lembut A TL,Rampa Suave A CSE,やるやかな　さかA（ヒウ）,缓坡A 左上
TILE_SLOPE2_TRA,,Gentle Slope A TR,Pente douce A HD,Gładki Pagórek A GP,Плabhый cпУck a bП,Pendiente suave A TR,,ＧＥＮＴＬＥ ＳＬＯＰＥ Ａ ＴＲ,Gentle Slope A (Taas sa Kanan),Schwache Neigung A OR,Hafİf Eğİm - A TR,Lereng Lembut A TR,Rampa Suave A CSD,やるやかな　さかA（ミウ）,缓坡A 右上
TILE_SLOPE2_BLA,,Gentle Slope A BL,Pente douce A BG,Gładki Pagórek A DL,Плabhый cпУck a hЛ,Pendiente suave A BL,,ＧＥＮＴＬＥ ＳＬＯＰＥ Ａ ＢＬ,Gentle Slope A (Baba sa Kaliwa),Schwache Neigung A UL,Hafİf Eğİm - A BL,Lereng Lembut A BL,Rampa Suave A CIE,やるやかな　さかA（ヒシ）,缓坡A 左下
TILE_SLOPE2_BRA,,Gentle Slope A BR,Pente douce A BD,Gładki Pagórek A DP,Плabhый cпУck a hП,Pendiente suave A BR,,ＧＥＮＴＬＥ ＳＬＯＰＥ Ａ ＢＲ,Gentle Slope A (Baba sa Kanan),Schwache Neigung A UR,Hafİf Eğİm - A BR,Lereng Lembut A BR,Rampa Suave A CID,やるやかな　さかA（ミシ）,缓坡A 右下
TILE_SLOPE2_TLB,Gentle Slopes top half,Gentle Slope B TL,Pente douce B HG,Gładki Pagórek B GL,Плabhый cпУck Б bЛ,Pendiente suave B TL,,ＧＥＮＴＬＥ ＳＬＯＰＥ Ｂ ＴＬ,Gentle Slope B (Taas sa Kaliwa),Schwache Neigung B OL,Hafİf Eğİm - B TL,Lereng Lembut B TL,Rampa Suave B CSE,やるやかな　さかB（ヒウ）,缓坡B 左上
TILE_SLOPE2_TRB,,Gentle Slope B TR,Pente douce B HD,Gładki Pagórek B GP,Плabhый cпУck Б bП,Pendiente suave B TR,,ＧＥＮＴＬＥ ＳＬＯＰＥ Ｂ ＴＲ,Gentle Slope B (Taas sa Kanan),Schwache Neigung B OR,Hafİf Eğİm - B TR,Lereng Lembut B TR,Rampa Suave B CSD,やるやかな　さかB（ミウ）,缓坡B 右上
TILE_SLOPE2_BLB,,Gentle Slope B BL,Pente douce B BG,Gładki Pagórek B DL,Плabhый cпУck Б hЛ,Pendiente suave B BL,,ＧＥＮＴＬＥ ＳＬＯＰＥ Ｂ ＢＬ,Gentle Slope B (Baba sa Kaliwa),Schwache Neigung B UL,Hafİf Eğİm - B BL,Lereng Lembut B BL,Rampa Suave B CIE,やるやかな　さかB（ヒシ）,缓坡B 左下
TILE_SLOPE2_BRB,,Gentle Slope B BR,Pente douce B BD,Gładki Pagórek B DP,Плabhый cпУck Б hП,Pendiente suave B BR,,ＧＥＮＴＬＥ ＳＬＯＰＥ Ｂ ＢＲ,Gentle Slope B (Baba sa Kanan),Schwache Neigung B UR,Hafİf Eğİm - B BR,Lereng Lembut B BR,Rampa Suave B CID,やるやかな　さかB（ミシ）,缓坡B 右下
TILE_DECO,,Deco Block,Bloc décoratif,Block Dekoracyjny,Дekopatиbhый блok,Bloque decorativo,,ＤＥＣＯ ＢＬＯＣＫ,Deco Block,Deko-Block,Dekor Bloğu,Blok Deco,Bloco de Decoração,かたいブロック,装饰图块
TILE_TREE_TOP,,Tree Top,Feuillage arbre,Korona Drzewa,bepxУшka дepeba,Copa del árbol,,ＴＲＥＥ ＴＯＰ,Itaas ng Puno,Baumkranz,Ağaç Tepesİ,Puncak Pohon,Copa da Árvore,こずえ,树冠
TILE_TREE_BASE,,Tree Base,Tronc d'arbre,Pień Drzewa,ochoba дepeba,Base del árbol,,ＴＲＥＥ ＢＡＳＥ,Base ng Puno,Baumstamm,Ağaç Tabanı,Pangkalan Pohon,Base da Árvore,みき,树干
TILE_MUSHROOM_1,,Mushroom A,Plateforme Champi A,Grzyb A,Гpиб a,Seta A,,ＭＵＳＨＲＯＯＭ Ａ,Mushroom A,Pilz A,Mantar A,Jamur A,Cogumelo A,キノコちけいA,蘑菇平台 A
TILE_MUSHROOM_2,,Mushroom B,Plateforme Champi B,Grzyb B,Гpиб Б,Seta B,,ＭＵＳＨＲＯＯＭ Ｂ,Mushroom B,Pilz B,Mantar B,Jamur B,Cogumelo B,キノコちけいB,蘑菇平台 B
TILE_MUSHROOM_3,,Mushroom C,Plateforme Champi C,Grzyb C,Гpиб b,Seta C,,ＭＵＳＨＲＯＯＭ Ｃ,Mushroom C,Pilz C,Mantar C,Jamur C,Cogumelo C,キノコちけいC,蘑菇平台 C
TILE_MUSH_STEM,,Mushroom Stem,Tige Champi,Trzon Grzyba,poctok Гpибa,Tallo de seta,,ＭＵＳＨＲＯＯＭ ＳＴＥＭ,Stem ng Mushroom,Pilzstamm,Mantar Sapı,Batang Jamur,Caule do Cogumelo,キノコのくき,蘑菇柄
TILE_PIPE1A_TL,Green Pipe Vertical,Vertical Green Pipe TL,Tuyau Vert Vertical HG,Pionowa Zielona Rura GL,beptиkaльhaя Зeлёhaя tpУбa bЛ,Tubería verde vertical TL,,ＶＥＲＴＩＣＡＬ ＧＲＥＥＮ ＰＩＰＥ ＴＬ,Patayong Berdeng Tubo (Taas sa Kaliwa),Vertikale grüne Röhre OL,Dİkey Yeşİl Boru TL,Pipa Hijau Vertikal TL,Cano Vertical Verde CSE,みどりのどかん（タテ、ヒウ）,垂直绿管 左上
TILE_PIPE1A_TR,,Vertical Green Pipe TR,Tuyau Vert Vertical HD,Pionowa Zielona Rura GP,beptиkaльhaя Зeлёhaя tpУбa bП,Tubería verde vertical TR,,ＶＥＲＴＩＣＡＬ ＧＲＥＥＮ ＰＩＰＥ ＴＲ,Patayong Berdeng Tubo (Taas sa Kanan),Vertikale grüne Röhre OR,Dİkey Yeşİl Boru TR,Pipa Hijau Vertikal TR,Cano Vertical Verde CSD,みどりのどかん（タテ、ミウ）,垂直绿管 右上
TILE_PIPE1A_BL,,Vertical Green Pipe BL,Tuyau Vert Vertical BG,Pionowa Zielona Rura DL,beptиkaльhaя Зeлёhaя tpУбa hЛ,Tubería verde vertical BL,,ＶＥＲＴＩＣＡＬ ＧＲＥＥＮ ＰＩＰＥ ＢＬ,Patayong Berdeng Tubo (Baba sa Kaliwa),Vertikale grüne Röhre UL,Dİkey Yeşİl Boru BL,Pipa Hijau Vertikal BL,Cano Vertical Verde CIE,みどりのどかん（タテ、ヒシ）,垂直绿管 左下
TILE_PIPE1A_BR,,Vertical Green Pipe BR,Tuyau Vert Vertical BD,Pionowa Zielona Rura DP,beptиkaльhaя Зeлёhaя tpУбa hП,Tubería verde vertical BR,,ＶＥＲＴＩＣＡＬ ＧＲＥＥＮ ＰＩＰＥ ＢＲ,Patayong Berdeng Tubo (Baba sa Kanan),Vertikale grüne Röhre UR,Dİkey Yeşİl Boru BR,Pipa Hijau Vertikal BR,Cano Vertical Verde CID,みどりのどかん（タテ、ミシ）,垂直绿管 右下
TILE_PIPE2A_TL,Yellow Pipe Vertical,Vertical Yellow Pipe TL,Tuyau Jaune Vertical HG,Pionowa Żółta Rura GL,beptиkaльhaя Жёлtaя tpУбa bЛ,Tubería amarilla vertical TL,,ＶＥＲＴＩＣＡＬ ＹＥＬＬＯＷ ＰＩＰＥ ＴＬ,Patayong Dilaw na Tubo (Taas sa Kaliwa),Vertikale gelbe Röhre OL,Dİkey Sarı Boru TL,Pipa Kuning Vertikal TL,Cano Vertical Amarelo CSE,きいろいどかん（タテ、ヒウ）,垂直黄管 左上
TILE_PIPE2A_TR,,Vertical Yellow Pipe TR,Tuyau Jaune Vertical HD,Pionowa Żółta Rura GP,beptиkaльhaя Жёлtaя tpУбa bП,Tubería amarilla vertical TR,,ＶＥＲＴＩＣＡＬ ＹＥＬＬＯＷ ＰＩＰＥ ＴＲ,Patayong Dilaw na Tubo (Taas sa Kanan),Vertikale gelbe Röhre OR,Dİkey Sarı Boru TR,Pipa Kuning Vertikal TR,Cano Vertical Amarelo CSD,きいろいどかん（タテ、ミウ）,垂直黄管 右上
TILE_PIPE2A_BL,,Vertical Yellow Pipe BL,Tuyau Jaune Vertical BG,Pionowa Żółta Rura DL,beptиkaльhaя Жёлtaя tpУбa hЛ,Tubería amarilla vertical BL,,ＶＥＲＴＩＣＡＬ ＹＥＬＬＯＷ ＰＩＰＥ ＢＬ,Patayong Dilaw na Tubo (Baba sa Kaliwa),Vertikale gelbe Röhre UL,Dİkey Sarı Boru BL,Pipa Kuning Vertikal BL,Cano Vertical Amarelo CIE,きいろいどかん（タテ、ヒシ）,垂直黄管 左下
TILE_PIPE2A_BR,,Vertical Yellow Pipe BR,Tuyau Jaune Vertical BD,Pionowa Żółta Rura DP,beptиkaльhaя Жёлtaя tpУбa hП,Tubería amarilla vertical BR,,ＶＥＲＴＩＣＡＬ ＹＥＬＬＯＷ ＰＩＰＥ ＢＲ,Patayong Dilaw na Tubo (Baba sa Kanan),Vertikale gelbe Röhre UR,Dİkey Sarı Boru BR,Pipa Kuning Vertikal BR,Cano Vertical Amarelo  CID,きいろいどかん（タテ、ミシ）,垂直黄管 右下
TILE_PIPE3A_TL,Blue Pipe Vertical,Vertical Blue Pipe TL,Tuyau Bleu Vertical HG,Pionowa Niebieska Rura GL,beptиkaльhaя cиhяя tpУбa bЛ,Tubería azul vertical TL,,ＶＥＲＴＩＣＡＬ ＢＬＵＥ ＰＩＰＥ ＴＬ,Patayong Asul na Tubo (Taas sa Kaliwa),Vertikale blaue Röhre OL,Dİkey Mavİ Boru TL,Pipa Biru Vertikal TL,Cano Vertical Azul CSE,あおいどかん（タテ、ヒウ）,垂直蓝管 左上
TILE_PIPE3A_TR,,Vertical Blue Pipe TR,Tuyau Bleu Vertical HD,Pionowa Niebieska Rura GP,beptиkaльhaя cиhяя tpУбa bП,Tubería azul vertical TR,,ＶＥＲＴＩＣＡＬ ＢＬＵＥ ＰＩＰＥ ＴＲ,Patayong Asul na Tubo (Taas sa Kanan,Vertikale blaue Röhre OR,Dİkey Mavİ Boru TR,Pipa Biru Vertikal TR,Cano Vertical Azul CSD,あおいどかん（タテ、ミウ）,垂直蓝管 右上
TILE_PIPE3A_BL,,Vertical Blue Pipe BL,Tuyau Bleu Vertical BG,Pionowa Niebieska Rura DL,beptиkaльhaя cиhяя tpУбa hЛ,Tubería azul vertical BL,,ＶＥＲＴＩＣＡＬ ＢＬＵＥ ＰＩＰＥ ＢＬ,Patayong Asul na Tubo (Baba sa Kaliwa),Vertikale blaue Röhre UL,Dİkey Mavİ Boru BL,Pipa Biru Vertikal BL,Cano Vertical Azul CIE,あおいどかん（タテ、ヒシ）,垂直蓝管 左下
TILE_PIPE3A_BR,,Vertical Blue Pipe BR,Tuyau Bleu Vertical BD,Pionowa Niebieska Rura DP,beptиkaльhaя cиhяя tpУбa hП,Tubería azul vertical BR,,ＶＥＲＴＩＣＡＬ ＢＬＵＥ ＰＩＰＥ ＢＲ,Patayong Asul na Tubo (Baba sa Kanan,Vertikale blaue Röhre UR,Dİkey Mavİ Boru BR,Pipa Biru Vertikal BR,Cano Vertical Azul CID,あおいどかん（タテ、ミシ）,垂直蓝管 右下
TILE_PIPE4A_TL,Red Pipe Vertical,Vertical Red Pipe TL,Tuyau Rouge Vertical HG,Pionowa Czerwona Rura GL,beptиkaльhaя kpachaя tpУбa bЛ,Tubería roja vertical TL,,ＶＥＲＴＩＣＡＬ ＲＥＤ ＰＩＰＥ ＴＬ,Patayong Pulang Tubo (Taas sa Kaliwa),Vertikale rote Röhre OL,Dİkey Kırmızı Boru TL,Pipa Merah Vertikal TL,Cano Vertical Vermelho  CSE,あかいどかん（タテ、ヒウ）,垂直红管 左上
TILE_PIPE4A_TR,,Vertical Red Pipe TR,Tuyau Rouge Vertical HD,Pionowa Czerwona Rura GP,beptиkaльhaя kpachaя tpУбa bП,Tubería roja vertical TR,,ＶＥＲＴＩＣＡＬ ＲＥＤ ＰＩＰＥ ＴＲ,Patayong Pulang Tubo (Taas sa Kanan),Vertikale rote Röhre OR,Dİkey Kırmızı Boru TR,Pipa Merah Vertikal TR,Cano Vertical Vermelho CSD,あかいどかん（タテ、ミウ）,垂直红管 右上
TILE_PIPE4A_BL,,Vertical Red Pipe BL,Tuyau Rouge Vertical BG,Pionowa Czerwona Rura DL,beptиkaльhaя kpachaя tpУбa hЛ,Tubería roja vertical BL,,ＶＥＲＴＩＣＡＬ ＲＥＤ ＰＩＰＥ ＢＬ,Patayong Pulang Tubo (Baba sa Kaliwa),Vertikale rote Röhre UL,Dİkey Kırmızı Boru BL,Pipa Merah Vertikal BL,Cano Vertical Vermelho CIE,あかいどかん（タテ、ヒシ）,垂直红管 左下
TILE_PIPE4A_BR,,Vertical Red Pipe BR,Tuyau Rouge Vertical BD,Pionowa Czerwona Rura DP,beptиkaльhaя kpachaя tpУбa hП,Tubería roja vertical BR,,ＶＥＲＴＩＣＡＬ ＲＥＤ ＰＩＰＥ ＢＲ,Patayong Pulang Tubo (Baba sa Kanan),Vertikale rote Röhre UR,Dİkey Kırmızı Boru BR,Pipa Merah Vertikal BR,Cano Vertical Vermelho CID,あかいどかん（タテ、ミシ）,垂直红管 右下
TILE_PIPE1B_TL,Green Pipe Horizontal,Horizontal Green Pipe TL,Tuyau Vert Horizontal HG,Pozioma Zielona Rura GL,Гopизohtaльhaя Зeлёhaя tpУбa bЛ,Tubería verde horizontal TL,,ＨＯＲＩＺＯＮＴＡＬ ＧＲＥＥＮ ＰＩＰＥ ＴＬ,Pahigang Berdeng Tubo (Taas sa Kaliwa),Horizontale grüne Röhre OL,Yatay Yeşİl Boru TL,Pipa Hijau Horizontal TL,Cano Horizontal Verde CSE,みどりのどかん（ヨコ、ヒウ）,水平绿管 左上
TILE_PIPE1B_TR,,Horizontal Green Pipe TR,Tuyau Vert Horizontal HD,Pozioma Zielona Rura GP,Гopизohtaльhaя Зeлёhaя tpУбa bП,Tubería verde horizontal TR,,ＨＯＲＩＺＯＮＴＡＬ ＧＲＥＥＮ ＰＩＰＥ ＴＲ,Pahigang Berdeng Tubo (Taas sa Kanan),Horizontale grüne Röhre OR,Yatay Yeşİl Boru TR,Pipa Hijau Horizontal TR,Cano Horizontal Verde CSD,みどりのどかん（ヨコ、ミウ）,水平绿管 右上
TILE_PIPE1B_BL,,Horizontal Green Pipe BL,Tuyau Vert Horizontal BG,Pozioma Zielona Rura DL,Гopизohtaльhaя Зeлёhaя tpУбa hЛ,Tubería verde horizontal BL,,ＨＯＲＩＺＯＮＴＡＬ ＧＲＥＥＮ ＰＩＰＥ ＢＬ,Pahigang Berdeng Tubo (Baba sa Kaliwa),Horizontale grüne Röhre UL,Yatay Yeşİl Boru BL,Pipa Hijau Horizontal BL,Cano Horizontal Verde CIE,みどりのどかん（ヨコ、ヒシ）,水平绿管 左下
TILE_PIPE1B_BR,,Horizontal Green Pipe BR,Tuyau Vert Horizontal BD,Pozioma Zielona Rura DP,Гopизohtaльhaя Зeлёhaя tpУбa hП,Tubería verde horizontal BR,,ＨＯＲＩＺＯＮＴＡＬ ＧＲＥＥＮ ＰＩＰＥ ＢＲ,Pahigang Berdeng Tubo (Baba sa Kanan),Horizontale grüne Röhre UR,Yatay Yeşİl Boru BR,Pipa Hijau Horizontal BR,Cano Horizontal Verde CID,みどりのどかん（ヨコ、ミシ）,水平绿管 右下
TILE_PIPE2B_TL,Yellow Pipe Horizontal,Horizontal Yellow Pipe TL,Tuyau Jaune Horizontal HG,Pozioma Żółta Rura GL,Гopизohtaльhaя Жёлtaя tpУбa bЛ,Tubería amarilla horizontal TL,,ＨＯＲＩＺＯＮＴＡＬ ＹＥＬＬＯＷ ＰＩＰＥ ＴＬ,Pahigang Dilaw na Tubo (Taas sa Kaliwa),Horizontale gelbe Röhre OL,Yatay Sarı Boru TL,Pipa Kuning Horizontal TL,Cano Horizontal Amarelo CSE,きいろいどかん（ヨコ、ヒウ）,水平黄管 左上
TILE_PIPE2B_TR,,Horizontal Yellow Pipe TR,Tuyau Jaune Horizontal HD,Pozioma Żółta Rura GP,Гopизohtaльhaя Жёлtaя tpУбa bП,Tubería amarilla horizontal TR,,ＨＯＲＩＺＯＮＴＡＬ ＹＥＬＬＯＷ ＰＩＰＥ ＴＲ,Pahigang Dilaw na Tubo (Taas sa Kanan),Horizontale gelbe Röhre OR,Yatay Sarı Boru TR,Pipa Kuning Horizontal TR,Cano Horizontal Amarelo CSD,きいろいどかん（ヨコ、ミウ）,水平黄管 右上
TILE_PIPE2B_BL,,Horizontal Yellow Pipe BL,Tuyau Jaune Horizontal BG,Pozioma Żółta Rura DL,Гopизohtaльhaя Жёлtaя tpУбa hЛ,Tubo amarillo horizontal BL,,ＨＯＲＩＺＯＮＴＡＬ ＹＥＬＬＯＷ ＰＩＰＥ ＢＬ,Pahigang Dilaw na Tubo (Baba sa Kaliwa),Horizontale gelbe Röhre UL,Yatay Sarı Boru BL,Pipa Kuning Horizontal BL,Cano Horizontal Amarelo CIE,きいろいどかん（ヨコ、ヒシ）,水平黄管 左下
TILE_PIPE2B_BR,,Horizontal Yellow Pipe BR,Tuyau Jaune Horizontal BD,Pozioma Żółta Rura DP,Гopизohtaльhaя Жёлtaя tpУбa hП,Tubo amarillo horizontal BR,,ＨＯＲＩＺＯＮＴＡＬ ＹＥＬＬＯＷ ＰＩＰＥ ＢＲ,Pahigang Dilaw na Tubo (Baba sa Kanan),Horizontale gelbe Röhre UR,Yatay Sarı Boru BR,Pipa Kuning Horizontal BR,Cano Horizontal Amarelo CID,きいろいどかん（ヨコ、ミシ）,水平黄管 右下
TILE_PIPE3B_TL,Blue Pipe Horizontal,Horizontal Blue Pipe TL,Tuyau Bleu Horizontal HG,Pozioma Niebieska Rura GL,Гopизohtaльhaя cиhяя tpУбa bЛ,Tubo azul horizontal TL,,ＨＯＲＩＺＯＮＴＡＬ ＢＬＵＥ ＰＩＰＥ ＴＬ,Pahigang Asul na Tubo (Taas sa Kaliwa),Horizontale blaue Röhre OL,Yatay Mavİ Boru TL,Pipa Biru Horizontal TL,Cano Horizontal Azul CSE,あおいどかん（ヨコ、ヒウ）,水平蓝管 左上
TILE_PIPE3B_TR,,Horizontal Blue Pipe TR,Tuyau Bleu Horizontal HD,Pozioma Niebieska Rura GP,Гopизohtaльhaя cиhяя tpУбa bП,Tubo azul horizontal TR,,ＨＯＲＩＺＯＮＴＡＬ ＢＬＵＥ ＰＩＰＥ ＴＲ,Pahigang Asul na Tubo (Taas sa Kanan,Horizontale blaue Röhre OR,Yatay Mavİ Boru TR,Pipa Biru Horizontal TR,Cano Horizontal Azul CSD,あおいどかん（ヨコ、ミウ）,水平蓝管 右上
TILE_PIPE3B_BL,,Horizontal Blue Pipe BL,Tuyau Bleu Horizontal BG,Pozioma Niebieska Rura DL,Гopизohtaльhaя cиhяя tpУбa hЛ,Tubo azul horizontal BL,,ＨＯＲＩＺＯＮＴＡＬ ＢＬＵＥ ＰＩＰＥ ＢＬ,Pahigang Asul na Tubo (Baba sa Kaliwa),Horizontale blaue Röhre UL,Yatay Mavİ Boru BL,Pipa Biru Horizontal BL,Cano Horizontal Azul CIE,あおいどかん（ヨコ、ヒシ）,水平蓝管 左下
TILE_PIPE3B_BR,,Horizontal Blue Pipe BR,Tuyau Bleu Horizontal BD,Pozioma Niebieska Rura DP,Гopизohtaльhaя cиhяя tpУбa hП,Tubo azul horizontal BR,,ＨＯＲＩＺＯＮＴＡＬ ＢＬＵＥ ＰＩＰＥ ＢＲ,Pahigang Asul na Tubo (Baba sa Kanan,Horizontale blaue Röhre UR,Yatay Mavİ Boru BR,Pipa Biru Horizontal BR,Cano Horizontal Azul CID,あおいどかん（ヨコ、ミシ）,水平蓝管 右下
TILE_PIPE4B_TL,Red Pipe Horizontal,Horizontal Red Pipe TL,Tuyau Rouge Horizontal HG,Pozioma Czerwona Rura GL,Гopизohtaльhaя kpachaя tpУбa bЛ,Tubo rojo horizontal TL,,ＨＯＲＩＺＯＮＴＡＬ ＲＥＤ ＰＩＰＥ ＴＬ,Pahigang Pulang Tubo (Taas sa Kaliwa),Horizontale rote Röhre OL,Yatay Kırmızı Boru TL,Pipa Merah Horizontal TL,Cano Horizontal Vermelho CSE,あかいどかん（ヨコ、ヒウ）,水平红管 左上
TILE_PIPE4B_TR,,Horizontal Red Pipe TR,Tuyau Rouge Horizontal HD,Pozioma Czerwona Rura GP,Гopизohtaльhaя kpachaя tpУбa bП,Tubo rojo horizontal TR,,ＨＯＲＩＺＯＮＴＡＬ ＲＥＤ ＰＩＰＥ ＴＲ,Pahigang Pulang Tubo (Taas sa Kanan),Horizontale rote Röhre OR,Yatay Kırmızı Boru TR,Pipa Merah Horizontal TR,Cano Horizontal Vermelho CSD,あかいどかん（ヨコ、ミウ）,水平红管 右上
TILE_PIPE4B_BL,,Horizontal Red Pipe BL,Tuyau Rouge Horizontal BG,Pozioma Czerwona Rura DL,Гopизohtaльhaя kpachaя tpУбa hЛ,Tubo rojo horizontal BL,,ＨＯＲＩＺＯＮＴＡＬ ＲＥＤ ＰＩＰＥ ＢＬ,Pahigang Pulang Tubo (Baba sa Kaliwa),Horizontale rote Röhre UL,Yatay Kırmızı Boru BL,Pipa Merah Horizontal BL,Cano Horizontal Vermelho CIE,あかいどかん（ヨコ、ヒシ）,水平红管 左下
TILE_PIPE4B_BR,,Horizontal Red Pipe BR,Tuyau Rouge Horizontal BD,Pozioma Czerwona Rura DP,Гopизohtaльhaя kpachaя tpУбa hП,Tubo rojo horizontal BR,,ＨＯＲＩＺＯＮＴＡＬ ＲＥＤ ＰＩＰＥ ＢＲ,Pahigang Pulang Tubo (Baba sa Kanan),Horizontale rote Röhre OL,Yatay Kırmızı Boru BR,Pipa Merah Horizontal BR,Cano Horizontal Vermelho CID,あかいどかん（ヨコ、ミシ）,水平红管 右下
TILE_WATER_1,FG Water (Used in overworld levels),FG Water,Eau Premier Plan,Woda FG,Пepeдhяя boдa,FG Agua,,ＦＧ ＷＡＴＥＲ,Tubig (Na-iinteract),Wasser (Vordergrund),Su (Yer Üstü),FG Air,Água do Foreground,みず（ぜんけい）,前景水
TILE_WATER_2,BG Water (Used in underwater levels),BG Water,Eau Dernier Plan,Woda BG,Зaдhяя boдa,BG Agua,,ＢＧ ＷＡＴＥＲ,Tubig (BG),Wasser (Hintergrund),Su (Su Altı),BG Air,Água do Background,みず（はいけい）,背景水
TILE_LAVA,,Lava,Lave,Lawa,Лaba,Lava,,ＬＡＶＡ,Lava,Lava,Lav,Lahar,Lava,マグマ,岩浆
TILE_POISION,,Poison,Poison,Kwas,Яд,Veneno,,ＰＯＩＳＯＮ,Lason,Giftwasser,Zehİr,Racun,Veneno,どくぬま,毒液
TILE_BLASTER_TOP,,Bill Blaster Top,Haut du Cannon,Góra Działa,bepxУшka ПУшkи Биллa ,,,ＢＩＬＬ ＢＬＡＳＴＥＲ ＴＯＰ,Itaas ng Kanyong Bill,Kanone Oben,Bombardİman Sİlahı Üst,Bill Blaster Atas,Bill Blaster Superior,キラーほうだい（ウ）,子弹发射器 顶部
TILE_BLASTER_MIDDLE,,Bill Blaster Middle,Milieux du Cannon,Środek Działa,cepeдиha ПУшkи Биллa,,,ＢＩＬＬ ＢＬＡＳＴＥＲ ＭＩＤＤＬＥ,Katawan ng Kanyong Bill,Kanone Mitte,Bombardİman Sİlahı Orta,Bill Blaster Tengah,Bill Blaster Meio,キラーほうだい（ナカ）,子弹发射器 中部
TILE_BLASTER_BOTTOM,,Bill Blaster Bottom,Bas du Cannon,Dół Działa,hиз ПУшkи Биллa,,,ＢＩＬＬ ＢＬＡＳＴＥＲ ＢＯＴＴＯＭ,Ilalim ng Kanyong Bill,Kanone Unten,Bombardİman Sİlahı Alt,Bill Blaster Bawah,Bill Blaster Inferior,キラーほうだい（シ）,子弹发射器 底部
DECO_WIDE_L,,Deco Wide L,Large deco G,Deko Szerokie L,Шиpokaя Дekopaция Л,,,ＤＥＣＯ ＷＩＤＥ Ｌ,Pahabang Deco (Kaliwa),Deko breit L,Dekor Genİş L,Deko Lebar L,Decoração Longa L,デコ（ワイド、ヒ）,宽装饰 左
DECO_WIDE_M,,Deco Wide M,Large deco M,Deko Szerokie Ś,Шиpokaя Дekopaция c,,,ＤＥＣＯ ＷＩＤＥ Ｍ,Pahabang Deco (Gitna),Deko breit M,Dekor Genİş M,Deko Lebar M,Decoração Longa M,デコ（ワイド、ナカ）,宽装饰 中
DECO_WIDE_R,,Deco Wide R,Large deco D,Deko Szerokie P,Шиpokaя Дekopaция П,,,ＤＥＣＯ ＷＩＤＥ Ｒ,Pahabang Deco (Kanan),Deko breit R,Dekor Genİş R,Deko Lebar R,Decoração Longa R,デコ（ワイド、ミ）,宽装饰 右
DECO_SHORT_TOP,,Deco Short Top,Petite deco Haut,Deko Małe Góra,bepxУшka kopotkoй дekopaции,,,ＤＥＣＯ ＳＨＯＲＴ ＴＯＰ,Mababang Deco (Taas),Deko klein Oben,Dekor Kısa Üst,Deko Pendek Atas,Decoração Curta Superior,デコ（ミジ、ウ）,短装饰 顶部
DECO_SHORT_BOTTOM,,Deco Short Bottom,Petite deco Bas,Deko Małe Dół,hиз kopotkoй дekopaции,,,ＤＥＣＯ ＳＨＯＲＴ ＢＯＴＴＯＭ,Mababang Deco (Baba),Deko klein Unten,Dekor Kısa Alt,Deko Pendek Bawah,Decoração Curta Inferior,デコ（ミジ、シ）,短装饰 底部
DECO_TALL_TOP,,Deco Tall Top,Grande deco Haut,Deko Wysokie Góra,bepxУшka длиhhoй дekopaции,,,ＤＥＣＯ ＴＡＬＬ ＴＯＰ,Matangkad na Deco (Taas),Deko gross Oben,Dekor Uzun Üst,Deko Tinggi Atas,Decoração Alta Superior,デコ（タカ、ウ）,高装饰 顶部
DECO_TALL_MIDDLE,,Deco Tall Middle,Grande deco Milieu,Deko Wysokie Środek,cepeдиha длиhhoй дekopaции,,,ＤＥＣＯ ＴＡＬＬ ＭＩＤＤＬＥ,Matangkad na Deco (Gitna),Deko gross Mitte,Dekor Uzun Orta,Deko Tinggi Tengah,Decoração Alta Meio,デコ（タカ、ナカ）,高装饰 中部
DECO_TALL_BOTTOM,,Deco Tall Bottom,Grande deco Bas,Deko Wysokie Dół,hиз длиhhoй дekopaции,,,ＤＥＣＯ ＴＡＬＬ ＢＯＴＴＯＭ,Matangkad na Deco (Baba),Deko gross Unten,Dekor Uzun Alt,Deko Tinggi Bawah,Decoração Alta Inferior,デコ（タカ、シ）,高装饰 底部
DECO_SINGLE_A,,Deco Single A,Deco Seul A,Deko Pojedyncze A,Дekopaция a,,,ＤＥＣＯ ＳＩＮＧＬＥ Ａ,Single Deco A,Deko einzeln A,Dekor Tek A,Deko Tunggal A,Decoração Singular A,デコ（シン、　A）,单装饰 A
DECO_SINGLE_B,,Deco Single B,Deco Seul B,Deko Pojedyncze B,Дekopaция Б,,,ＤＥＣＯ ＳＩＮＧＬＥ Ｂ,Single Deco B,Deko einzeln B,Dekor Tek B,Deko Tunggal B,Decoração Singular B,デコ（シン、　B）,单装饰 B
TILE_BRIDGE_L,,Bridge L,Pont G,Most L,moct Л,,,ＢＲＩＤＧＥ Ｌ,Tulay (Kaliwa),Brücke L,Köprü L,Jembatan L,Ponte E,はし（ヒ）,桥梁 左
TILE_BRIDGE_M,,Bridge M,Pont M,Most Ś,moct c,,,ＢＲＩＤＧＥ Ｍ,Tulay (Gitna),Brücke M,Köprü M,Jembatan M,Ponte M,はし（ナカ）,桥梁 中
TILE_BRIDGE_R,,Bridge R,Pont D,Most P,moct П,,,ＢＲＩＤＧＥ Ｒ,Tulay (Kanan),Brücke R,Köprü R,Jembatan R,Ponte D,はし（ミ）,桥梁 右
TILE_BRIDGE_ROPE_L,,Bridge Rope L,Corde du pont G,Lina Mostu L,bepёbka mocta Л,,,ＢＲＩＤＧＥ ＲＯＰＥ Ｌ,Lubid ng tulay (Kaliwa),Brückenseil L,Köprü Halatı L,Tali Jembatan L,Corda da Ponte E,はしのロープ（ヒ）,吊桥绳索 左
TILE_BRIDGE_ROPE_M,,Bridge Rope M,Corde du pont M,Lina Mostu Ś,bepёbka mocta c,,,ＢＲＩＤＧＥ ＲＯＰＥ Ｍ,Lubid ng tulay (Gitna),Brückenseil M,Köprü Halatı M,Tali Jembatan M,Corda da Ponte M,はしのロープ（ナカ）,吊桥绳索 中
TILE_BRIDGE_ROPE_R,,Bridge Rope R,Corde du pont D,Lina Mostu P,bepёbka mocta П,,,ＢＲＩＤＧＥ ＲＯＰＥ Ｒ,Lubid ng tulay (Kanan),Brückenseil R,Köprü Halatı R,Tali Jembatan R,Corda da Ponte D,はしのロープ（ミ）,吊桥绳索 右
TILE_WALL_TOP,,Wall Top,Haut du Mur,Góra Ściany,bepxУшka ctehы,,,ＷＡＬＬ ＴＯＰ,Itaas ng Pader,Wand Oben,Duvar Üst,Dinding Atas,Parede Superior,かべ（ウ）,墙顶
TILE_WALL_BASE,,Wall Base,Base du mur,Dół Ściany,ochoba ctehы,,,ＷＡＬＬ ＢＡＳＥ,Base ng Pader,Wand Unten,Duvar Taban,Basis Dinding,Parede Base,かべ（シ）,墙基
TILE_CLOUD,,Cloud,Nuage,Chmura,oблako,,,ＣＬＯＵＤ,Ulap,Wolke,Bulut,Awan,Nuvem,くもブロック,云朵
TILE_SOLID,,Solid Tile,Bloc solide,Solidny Klocek,taйл,,,ＳＯＬＩＤ ＴＩＬＥ,Solidong Tile,Solide Plattform,Katı Blok,Ubin Padat,Bloco Sólido,ストーンブロック,实心图块
TILE_ALT,,Alt Tile,Sol alternatif,Alternatywny Klocek,taйл (aЛЬt.),,,ＡＬＴ ＴＩＬＥ,Tile (Alt),Alt.-Plattform,Alternatİf Blok,Ubin Alt,Bloco Alternativo,オルタナティブ,交替图块
TILE_EMPTY,,Empty Block,Bloc Vide,Pusty Blok,Пуctoй Блok,,,ＥＭＰＴＹ ＢＬＯＣＫ,,Leerer Block,Boş Blok,,Bloco Vazio,カラブロック,空图块
ENEMY_GOOMBA,,Goomba,Goomba,Goomba,ГУmбa,Goomba,,ＧＯＯＭＢＡ,Gumba,Goomba,,Goomba,Goomba,クリボー,栗宝宝
ENEMY_GOOMBRAT,,Goombrat,Goomin,Goombrat,ГУmбpat,Goombrat,,ＧＯＯＭＢＲＡＴ,Gumbrat,Goombrat,,Goombrat,Pirralhoomba,カキボー,柿宝宝
ENEMY_KOOPA_GREEN,,Green Koopa,Koopa Vert,Zielony Koopa,Зeлehый kУпa,Koopa Verde,,ＧＲＥＥＮ ＫＯＯＰＡ,Berdeng Kupa,Grüner Koopa,Yeşİl Koopa,Koopa Hijau,Koopa Verde,みどりノコノコ,慢慢龟（绿）
ENEMY_PARAKOOPA_GREEN,,Green Para-Koopa,Para-Koopa Vert,Zielony Para-Koopa,Зeлehый Пapa-kУпa,Para-Koopa Verde,,ＧＲＥＥＮ ＰＡＲＡ-ＫＯＯＰＡ,Berderng Pakpa-Kupa,Grüner Parakoopa,Yeşİl Para-Koopa,Para-Koopa Hijau,Koopa Paratroopa Verde,みどりパタパタ,飞行慢慢龟（绿）
ENEMY_PARAKOOPA_GREEN_2,The Ones that fly horizontally side to side,Green Hori Para-Koopa,Para-Koopa Vert Hori,Zielony Horyzontalny Para-Koopa,Зeлёhый xopи Пapa-kУпa,,,ＧＲＥＥＮ ＨＯＲＩ ＰＡＲＡ-ＫＯＯＰＡ,Berderng Pakpa-Kupa (Pataas),Grüner Parakoopa (Horiz.),Yeşİl Horİ Para-Koopa,Hori Para-Koopa Hijau,Koopa Paratroopa Verde Horiz,みどりパタパタ（はね）,飞行慢慢龟（绿·水平）
ENEMY_KOOPA_RED,,Red Koopa,Koopa Rouge,Czerwony Koopa,kpachый kУпa,Koopa Rojo,,ＲＥＤ ＫＯＯＰＡ,Pulang Kupa,Roter Koopa,Kırmızı Koopa,Koopa Merah,Koopa Vermelho,あかノコノコ,慢慢龟（红）
ENEMY_PARAKOOPA_RED,,Red Para-Koopa,Para-Koopa Rouge,Czerwony Para-Koopa,kpachый Пapa-kУпa,Para-Koopa Rojo,,ＲＥＤ ＰＡＲＡ-ＫＯＯＰＡ,Pulang Pakpa-Kupa,Roter Parakoopa,Kırmızı Para-Koopa,Para-Koopa Merah,Koopa Paratroopa Vermelho,あかパタパタ,飞行慢慢龟（红）
ENEMY_PLANT_PIPE,,Green Pipe Piranha Plant,Plante Piranha Verte de tuyau,Zielona Rurowa Roślina Pirania,pactehиe-пиpahья (Зeлёhaя tpУбa),Planta Piraña Tubo Verde,,ＧＲＥＥＮ ＰＩＰＥ ＰＩＲＡＮＨＡ ＰＬＡＮＴ,Berdeng Pirahnang Tanim,Piranha-Pflanze,Yeşİl Boru Pİranha Bİtkİsİ,Hijau Pipa Piranha Plant,Planta Piranha Verde de Cano,みどりパックンフラワー,吞食花
ENEMY_REDPLANT_PIPE,Piranha plants that can come out of pipes specifically,Red Pipe Piranha Plant,Plante Piranha Rouge de tuyau,Czerwona Rurowa Roślina Pirania,pactehиe-пиpahья (kpachaя tpУбa),Planta Piraña Tubo Rojo,,ＲＥＤ ＰＩＰＥ ＰＩＲＡＮＨＡ ＰＬＡＮＴ,Pulang Pirahnang Tanim,Rote Piranha-Pflanze,Kırmızı Boru Pİranha Bİtkİsİ,Merah Pipa Piranha Plant,Planta Piranha Vermelha de Cano,あかパックンフラワー,吞食花（红管）
ENEMY_BUZZY,,Buzzy Beetle,Bruyinsecte,Buzzy Beetle,kackoжУk,Escarabajo Zumbador,,ＢＵＺＺＹ ＢＥＥＴＬＥ,Siglang Salagubang,Käfer,Buzzy Böceğİ,Kumbang Buzzy,Besouro-Bomba,メット,钢盔龟
ENEMY_SPINY,,Spiny,Hériss,Kolczasty,koлючkиh,Espinoso,,ＳＰＩＮＹ,Matinik na Salagubang,Stachi,Spİny,Spiny,Spiny,トゲゾー,刺球丸子
ENEMY_CHEEP_GREEN,,Green Cheep-Cheep,Cheep Cheep Vert,Zielony Cheep-Cheep,Зeлёhый Чип-чип,Cheep-Cheep Verde,,ＧＲＥＥＮ ＣＨＥＥＰ-ＣＨＥＥＰ,Berdeng cheep-cheep,Grüner Cheep-Cheep,Yeşİl Cheep-Cheep,Cheep-Cheep Hijau,Cheep-Cheep Verde,みどりプクプク,绿泡泡鱼
ENEMY_CHEEP_RED,,Red Cheep-Cheep,Cheep Cheep Rouge,Czerwony Cheep-Cheep,kpachый Чип-чип,Cheep-Cheep Rojo,,ＲＥＤ ＣＨＥＥＰ-ＣＨＥＥＰ,Pulang cheep-cheep,Roter Cheep-Cheep,Kırmızı Cheep-Cheep,Cheep-Cheep Merah,Cheep-Cheep Vermelho,あかプクプク,红泡泡鱼
ENEMY_BLOOPER,,Blooper,Bloups,Blooper,БлУпep,Blooper,,ＢＬＯＯＰＥＲ,Pusit,Blooper,,Blooper,Lula-Lampa,ゲッソー,鱿鱿
ENEMY_HAMMERBRO,,Hammer Bro,Frère Marteau,Brat Młot,Бpateц-moлotok,Martillo Bro,,ＨＡＭＭＥＲ ＢＲＯ,Pareng Martilyo,Hammer-Bruder,Çekİç Kardeş,Palu Saudara,Irmão Martelo,ハンマーブロス,锤子兄弟
ENEMY_THWOMP,,Thwomp,Thwomp,Thwomp,Бamc,,,ＴＨＷＯＭＰ,Thwomp,Thwomp,,Thwomp,Thwomp,ドッスン,咚咚
ENEMY_BOWSER,,Bowser,Bowser,Bowser,БoУзep,,,ＢＯＷＳＥＲ,Haring Kupa,Bowser,,Bowser,Bowser,クッパ,酷霸王
ENEMY_BOWSERBRO,,Bowser Brother,Bowser Brother,Bowser Brother,БoУзep Брат,,,ＢＯＷＳＥＲ ＢＲＯ,Haring Kupa Brother,Bowser Brother,,Bowser Brother,Bowser Brother,クッパ兄さん,酷霸王兄弟
ENEMY_POKEY,,Pokey,Pokey,Pokey,Пokи,,,ＰＯＫＥＹ,Kaktus,Kaktus,,Pokey,Pokey,サンボ,刺球仙人掌
ENEMY_LAKITU,,Lakitu,Lakitu,Lakitu,ЛakиtУ,,,ＬＡＫＩＴＵ,Lakitu,Lakitu,Lakİtu,Lakitu,Lakitu,ジュゲム,球盖姆
ENEMY_BULLETBILL,,Bullet Bill,Bill Balle,Pociskowy Bill,ПУля Билл,,,ＢＵＬＬＥＴ ＢＩＬＬ,Bala Bill,Kugelwilli,Mermi Bill,Peluru Bill,Bill Bala,キラー,炮弹刺客
ENEMY_PODOBOO,,Podoboo,Bulle de lave,Podoboo,ПУзыpь лabы,,,ＰＯＤＯＢＯＯ,Bulang Magma,Hothead,,Podoboo,Bolha de Lava,バブル,火焰泡泡
ENEMY_BOO,,Boo,Boo,Boo,БУ,,,ＢＯＯ,Boo,Boo,,Boo,Boo,テレサ,害羞幽灵
ENEMY_BOO_BUDDY,The boo bastards that can go around in a circle,Boo Buddies,Bande de Boos,Paczka Boo,Пpияteли БУ,,,ＢＯＯ ＢＵＤＤＩＥＳ,Barkada Boo,Tanzender Boo,Boo Arkadaşlar,Teman Boo,Boos Camaradas,わになるテレサ,害羞幽灵伙伴
ENEMY_MUNCHER,,Muncher,Scrounch,Muncher,Жebaлka,,,ＭＵＮＣＨＥＲ,Munching Tanim,Mampfer,,Muncher,Muncher,ブラックパックン,黑吞食花
ENEMY_SPIKE,,Spike,Spike,Spike,cпaйk,,,ＳＰＩＫＥ,Tinik,Spike,Spİke,Spike,Spike,ガボン,加邦
ENEMY_DRYBONES,,Dry Bones,Skelerex,Suchy Kostek,kУпa-ckeлet,,,ＤＲＹ ＢＯＮＥＳ,Tuyong Buo,Knochentrocken,,Dry Bones,Dry Bones,カロン,碎碎龟
ENEMY_MOLE,,Monty Mole,Taupi Taupe,Kret Monty,kpot mohtи,,,ＭＯＮＴＹ ＭＯＬＥ,Topong Kulit,Monty Maulwurf,,Monty Mole,Topeira Monty,チョロプー,黄鼹鼠
ENEMY_BOBOMB,,Bob-Omb,Bob-Omb,Bob-Omb,Бoб-omб,,,ＢＯＢ-ＯＭＢ,Bob-Omba,Bob-Omb,,Bob-Omb,Bob-Omba,ボブ,炸弹兵
ENEMY_SIDESTEPPER,,Sidestepper,Zarbipas,Pełzacz,Бokoxoд,,,ＳＩＤＥＳＴＥＰＰＥＲ,Pikonikrab,Krabbe,Yengeç,Sidestepper,Caranguejo-Lateral,カニキチ,横走蟹
ENEMY_FIGHTERFLY,,Fighter Fly,Mouchak,Świetlik,Бoйцobaя mУxa,,,ＦＩＧＨＴＥＲ ＦＬＹ,Langao,Fliege,Savaşçı Sinek,Fighter Fly,Mosca-Lutadora,ハエまる,斗士蝇
ENEMY_SIGEBOU,,Sigebou,Boule de feu,Sigebou,,El brasas,Fiammella,ＳＩＧＥＢＯＵ,,Feuerball,,Sigebou,Bola de fogo,ドラムカンファイア,火球
ENEMY_LIT_BOBOMB,Bob ombs that are already LIT that can chase the player and will explode after a bit,Lit Bob-Omb,Bob-Omb allumé,Podpalony Bob-Omb,aktиbиpobahhый бoб-omб,,,ＬＩＴ ＢＯＢ-ＯＭＢ,Nakasinding Bob-Omba,Gezündeter Bob-Omb,Yanan Bob-Omb,Menyala Bob-Omb,Bob-Omba Acesa,ボブ（てんか）,引燃炸弹兵
ENEMY_WRENCH,,Rocky Wrench,Torti-Taupe,Rocky Wrench,pokи-kлюч,,,ＲＯＣＫＹ ＷＲＥＮＣＨ,,Rocky Schraubschlüssel,,Rocky Wrench,Rochave-Inglesa,プー,扳手黄鼹鼠
ENEMY_BARREL,,Barrel,Tonneau,Beczka,Бoчka,,,ＢＡＲＲＥＬ,Bariles,Fass,Varİl,Barel,Barril,タル,木桶
,,,Greg,Hog Rider is a 4 elixir rare card found in,,,,,,,,,,,
BLOCK_MYSTERY,? Block,? Block,Bloc ?,Blok ?,Блok ?,,,? ＢＬＯＣＫ,? Bloke,?-Block,? Bloğu,? Blok,Bloco ?,アイテムボックス,问号砖块
BLOCK_BRICK,,Brick Block,Brique,Cegły,Блok,,,ＢＲＩＣＫ ＢＬＯＣＫ,Landrilyo,Ziegelblock,Tuğla Bloğu,Bata Blok,Bloco de Tijolo,レンガ,砖块
BLOCK_TURN,The spinning blocks from SMW,Turn Block,Bloc tournant,Obracany Blok,Пobopaчиbaющий блok,,,ＴＵＲＮ ＢＬＯＣＫ,Umiikot na Bloke,Rotierender Block,Dönen Blok,Putar Blok,Bloco Rotativo,クルクルブロック,旋转砖块
BLOCK_INVISIBLE,,Invisible ? Block,Bloc Secret,Niewidzialny Blok ?,ckpыtый блok,,,ＩＮＶＩＳＩＢＬＥ ? ＢＬＯＣＫ,Di nakikitang ? Bloke,Unsichtbarer ?-Block,Görünmez ? Bloğu,Tak Terlihat ? Blok,Bloco ? Invisível,とうめいブロック,隐藏问号砖
BLOCK_TRAMPOLINE,,Trampoline,Tremplin,Trampolina,tpamплиh,,,ＴＲＡＭＰＯＬＩＮＥ,Trampolin,Trampolin,Trambolİn,Trampolin,Trampolim,ジャンプだい,蹦床
BLOCK_TRAMPOLINE_SP,,Super Trampoline,Super Tremplin,Super Trampolina,cУпep tpamплиh,,,ＳＵＰＥＲ ＴＲＡＭＰＯＬＩＮＥ,Super trampolin,Super-Trampolin,Süper Trambolİn,Super Trampolin,Super Trampolim,ジャンプだい（スパー）,超级蹦床
BLOCK_ONOFF_SWITCH,,On-Off Switch,Interrupteur ON-OFF,Przełącznik Wł-Wył,Пepekлючateль bkЛ./bЫkЛ.,,,ＯＮ-ＯＦＦ ＳＷＩＴＣＨ,On-Off Switch,An-Aus-Schalter,Aç-Kapa Bloğu,Sakelar Hidup-Mati,Interruptor On-Off,ON/OFFスイッチ,开关按钮
BLOCK_ONOFF_TIMER,,On-Off Timer,Timeur ON-OFF,Czasomierz Wł-Wył,taйmep bkЛ./bЫkЛ.,,,ＯＮ-ＯＦＦ ＴＩＭＥＲ,On-Off Timer,An-Aus-Timer,Aç-Kapa Zamanlayıcısı,Pengatur Waktu Hidup-Mati,Timer On-Off,ON/OFFスイッチ（タイマー）,定时开关
BLOCK_ONOFF_BLOCK_RED,,Red On-Off Block,Bloc ON-OFF Rouge,Czerwony Blok Wł-Wył,kpachый блok bkЛ./bЫkЛ.,,,ＲＥＤ ＯＮ-ＯＦＦ ＢＬＯＣＫ,Pulang On-Off Bloke,Roter An-Aus-Block,Kırmızı Aç-Kapa Bloğu,Blok Merah Hidup-Mati,Bloco On-Off Vermelho,あかブロック（ON/OFF）,红色开关砖
BLOCK_ONOFF_BLOCK_BLUE,,Blue On-Off Block,Bloc ON-OFF Bleu,Niebieski Blok Wł-Wył,cиhий блok bkЛ./bЫkЛ.,,,ＢＬＵＥ ＯＮ-ＯＦＦ ＢＬＯＣＫ,Asul na On-Off Bloke,Blauer An-Aus-Block,Mavİ Aç-Kapa Bloğu,Blok Biru Hidup-Mati,Bloco On-Off Azul,あおブロック（ON/OFF）,蓝色开关砖
BLOCK_SPRING,,Spring Block,Bloc Ressort,Sprężyna,ПpУжиhhый Блok ,,,ＳＰＲＩＮＧ ＢＬＯＣＫ,Trampolin Bloke,Sprungfeder,Trambolİn Bloğu,Blok Pegas,Mola,ジャンプブロック,弹簧砖
BLOCK_SPRING_SP,,Super Spring Block,Super Bloc Ressort,Super Sprężyna,cУпep ПpУжиhhый Блok,,,ＳＵＰＥＲ ＳＰＲＩＮＧ ＢＬＯＣＫ,Super Trampolin Bloke,Super-Sprungfeder,Süper Trambolİn Bloğu,Super Blok Pegas,Super Mola,ジャンプブロック（スパー）,超级弹簧砖
BLOCK_SPIKE,,Spike Block,Boule à pointes,Kolce,koлючka-зaпaдhя,,,ＳＰＩＫＥ ＢＬＯＣＫ,Blok de Tinik,Stachelblock,Dİken Bloğu,Blok Spike,Bloco Espinhoso,トゲ,尖刺砖
BLOCK_DEATH,,Death Block,Bloc Mortel,Blok Śmierci,cmepteльhый Блok,,,ＤＥＡＴＨ ＢＬＯＣＫ,Nakakamatay na Bloke,Todesblock,Ölüm Bloğu,Blok Kematian,Bloco Fatal,ミス・ブロック,致命砖
BLOCK_PSWITCH_ON,,P-Switch Block ON,Bloc Bouton P ON,P-Blok Wł.,Блok пepekлючateля P bkЛ,,,Ｐ-ＳＷＩＴＣＨ ＢＬＯＣＫ ＯＮ,Blokeng P-Switch (ON),P-Switch-Block (An),P-Anahtarı Blok Açık,Blok Sakelar-P AKTIF,Bloco Interruptor-P Ligado,スイッチブロック（ON）,P开关砖（开）
BLOCK_PSWITCH_OFF,,P-Switch Block OFF,Bloc Bouton P OFF,P-Blok Wył.,Блok пepekлючateля P bЫkЛ,,,Ｐ-ＳＷＩＴＣＨ ＢＬＯＣＫ ＯＦＦ,Blokeng P-Switch (OFF),P-Switch-Block (Aus),P-Anahtarı Blok Kapalı,Blok Sakelar-P MATI,Bloco Interruptor-P Desligado,スイッチブロック（OFF）,P开关砖（关）
BLOCK_ONOFF_SPIKE,,On-Off Spike,Pointes ON-OFF,Kolce Wł-Wył,bkЛ-bЫkЛ koлючka-Зaпaдhя,,,ＯＮ-ＯＦＦ ＳＰＩＫＥ,Tinik de On-Off,An-Aus-Stachel,Aç-Kapa Dİken Bloğu,Spike Hidup-Mati,Espinho On-Off,トゲ（ON/OFF）,尖刺开关砖
BLOCK_ONOFF_SPIKE_ALT,,On-Off Spike ALT,Pointes ON-OFF Alt,Kolce Wł-Wył 2,bkЛ-bЫkЛ koлючka-Зaпaдhя (aЛЬt.),,,ＯＮ-ＯＦＦ ＳＰＩＫＥ ＡＬＴ,Tinik de On-Off (Alt.),An-Aus-Stachel (Alt.),Aç-Kapa Dİken Bloğu ALT,Spike Hidup-Mati ALT,Espinho On-Off ALT,トゲ（ON/OFF、オルタナ）,尖刺开关砖（交替）
BLOCK_TRICK,,Trick Block,Bloc Piège,Blok Zguby,oбmahчиbый Блok,,,ＴＲＩＣＫ ＢＬＯＣＫ,Nanghuhulog na Bloke,Fallen-Block,Aldatma Bloğu,Blok Trik,Bloco Artimanha,トリックブロック,陷阱砖
BLOCK_ONOFF_FAN,,Red On-Off Fan,Ventillateur On-Off Rouge,Czerwony Wiatrak Wł-Wył,kpachый bkЛ-bЫkЛ behtиляtop,,,ＲＥＤ ＯＮ-ＯＦＦ ＦＡＮ,Pulang On-Off Fan,Roter An-Aus-Ventilator,Kırmızı Aç-Kapa Fan Bloğu,Kipas Hidup-Mati Merah,Ventilador On-Off Vermelho,あかせんぷうき（ON/OFF）,红色开关风扇
BLOCK_ONBLU_FAN,,Blue On-Off Fan,Ventillateur On-Off Bleu,Niebieski Wiatrak Wł-Wył,cиhий bkЛ-bЫkЛ behtиляtop,,,ＢＬＵＥ ＯＮ-ＯＦＦ ＦＡＮ,Asul na On-Off Fan,Blauer An-Aus-Ventilator,Mavİ Aç-Kapa Fan Bloğu,Kipas Hidup-Mati Biru,Ventilador On-Off Azul,あおせんぷうき（ON/OFF）,蓝色开关风扇
BLOCK_NOTE,,Note Block,Bloc Note,Blok Nuty,"Блok ""дo-pe-mи""",,,ＮＯＴＥ ＢＬＯＣＫ,Blokeng Nota,Notenblock,Nota Bloğu,Blok Catatan,Bloco de Notas,おんぷブロック,音符砖
BLOCK_MUSIC,,Music Block,Bloc Musicale,Blok Muzyczny,mУзыkaльhый Блok,,,ＭＵＳＩＣ ＢＬＯＣＫ,Blokeng de Musika,Musikblock,Müzİk Bloğu,Blok Musik,Bloco de Música,がっきブロック,音乐砖
BLOCK_FAN,,Fan,Ventillateur,Wiatrak,behtиляtop,,,ＦＡＮ,,Ventilator,Vantİlatör,Kipas,Ventilador,せんぷうき,风扇
BLOCK_DONUT,,Donut Block,Bloc beignet,Pączkowy Blok,Блok-бУблиk,,,ＤＯＮＵＴ ＢＬＯＣＫ,Blokeng Donut,Donutblock,Donut Bloğu,Blok Donat,Bloco Rosquinha,ちくわブロック,甜甜圈砖
OBJ_FIREBAR,,Fire Bar,Barre de feu,Płomień Ogni,oгhehhoe пpeпяtctbиe,,,ＦＩＲＥ ＢＡＲ,Lumilingas na Bareta,Feuerbalken,Ateş Çubuğu,Bar Api,Barra de Fogo,ファイアバー,火焰棒
OBJ_BURNER,,Burner,Bill Flamme,Spalacz,oгhemёt,,,ＢＵＲＮＥＲ,,Brenner,Brülör,Pembakar,Bico de Fogo,バーナー,火焰喷射器
OBJ_PSWITCH,,P-Switch,Interrupteur P,P-Przełącznik,Пepekлючateль P,,,Ｐ-ＳＷＩＴＣＨ,P-Switch,P-Schalter,P-Anahtarı,Sakelar-P,Interruptor P,Pスイッチ,P开关
OBJ_CHECKPOINTFLAG,,Checkpoint Flag,Drapeau relais,Flaga Checkpoint,kohtpoльhый флaг,,,ＣＨＥＣＫＰＯＩＮＴ ＦＬＡＧ,Checkpoint Flag,Checkpointflagge,Kontrol Noktası Bayrağı,Bendera Pos Pemeriksaan,Bandeira de Checkpoint,ちゅうかんポイント,检查点旗帜
OBJ_CANNON,,Cannon,Canon,Działo,ПУшka,,,ＣＡＮＮＯＮ,Kanyon,Kanone,Sİlah,Meriam,Canhão,ほうだい,加农炮
OBJ_BLASTER,,Bill Cannon,Bill Boum,Armata Pocisków,Билл-пУшka,,,ＢＩＬＬ ＣＡＮＮＯＮ,Kanyong Bill,Kugelwilli-Kanone,Bİll Sİlahı,Meriam Bill,Canhão Bill,キラーほうだい,子弹炮台
OBJ_PIPEAREA,areas which act as a functional pipe the player can enter and come out of,Pipe Area,Zone de tuyau de téléportation,Obszar Rury,tpУбhoe пoлe,,,ＰＩＰＥ ＡＲＥＡ,Pasukan ng Tubo,Röhrenzone,Boru Bölgesİ,Area Pipa,Area de Cano,ワープ,管道区域
OBJ_PIPE_GENERATOR,Areas which act as a pipe which can spawn things out of,Pipe Generator,Zone de tuyau générateur,Generator Rury,tpУбhoй Гehepatop,,,ＰＩＰＥ ＧＥＮＥＲＡＴＯＲ,Niluluwa ng Tubo,Generatorröhrenzone,Boru Jeneratörü,Generator Pipa,Cano Gerador,アイテム・ジェネレーター,管道生成器
OBJ_FLAGPOLE,,Flag Pole,Drapeau de fin,Słup Flagi,Флaгшtok,,,ＦＬＡＧ ＰＯＬＥ,Pole ng Flag,Zielpfahl,Bayrak,Tiang Bendera,Mastro da Bandeira,ゴールポール,终点旗杆
OBJ_ENDCASTLE_SMALL,The Small Castle at the end of levels,Small End Castle,Petit Château de fin,Mały Zamek Końcowy,maлehьkий koheчhый Зamok,,,ＳＭＡＬＬ ＥＮＤ ＣＡＳＴＬＥ,Mallit na Kastilyo,Kleine End-Burg,Küçük Kale,Kastil Tamat Kecil,Caselo Final Pequeno,しろ（しょうサイズ）,小城堡终点
OBJ_ENDCASTLE_BIG,The Big castles at the end of the -3 Levels,Big End Castle,Grand Château de fin,Duży Zamek Końcowy,Бoльшoй koheчhый Зamok,,,ＢＩＧ ＥＮＤ ＣＡＳＴＬＥ,Malaking Kastilyo,Grosse End-Burg,Büyük Kale,Kastil Tamat Besar,Castelo Final Grande,しろ（だいサイズ）,大城堡终点
OBJ_PLAT_SIDE_VERT,Platforms which will travel side to side vertically,Vertical Platform,Plateforme verticale,Platforma Pionowa,beptиkaльhaя Плatфopma,,,ＶＥＲＴＩＣＡＬ ＰＬＡＴＦＯＲＭ,Platporm,Vertikale Plattform,Dİkey Platform,Platform Vertikal,Plataforma Vertical,リフト（タテ）,垂直移动平台
OBJ_PLAT_SIDE_VERT_BIG,Longer version of above,Large Vertical Platform,Grande Plateforme verticale,Duża Pionowa Platforma,Бoльшaя beptиkaльhaя Плatфopma,,,ＬＡＲＧＥ ＶＥＲＴＩＣＡＬ ＰＬＡＴＦＯＲＭ,Mahabang Platporm,Grosse vertikale Plattform,Büyük Dİkey Platform,Platform Vertikal Besar,Plataforma Veritcal Larga,リフト（タテ、ナガ）,大型垂直平台
OBJ_PLAT_SIDE_HORI,Platforms which will travel side to side horizontally,Horizontal Platform,Plateforme horizontal,Pozioma Platforma,Гopизohtaльhaя Плatфopma,,,ＨＯＲＩＺＯＮＴＡＬ ＰＬＡＴＦＯＲＭ,Paakyat na Platporm,Horizontale Plattform,Yatay Platform,Platform Horizontal,Plataforma Horizontal,リフト（ヨコ）,水平移动平台
OBJ_PLAT_SIDE_HORI_BIG,Longer version of above,Large Horizontal Platform,Grande Plateforme horizontal,Duża Pozioma Platforma,Бoльшaя Гopизohtaльhaя Плatфopma,,,ＬＡＲＧＥ ＨＯＲＩＺＯＮＴＡＬ ＰＬＡＴＦＯＲＭ,Mahabang Paakyat na Platporm,Grosse horizontale Plattform,Büyük Yatay Platform,Platform Horizontal Besar,Plataforma Horizontal Larga,リフト（ヨコ、ナガ）,大型水平平台
OBJ_PLAT_FALLING,Platforms which will fall if stepped on,Falling Platform,Plateforme fragile,Spadająca Platforma,Пaдaющaя Плatфopma,,,ＦＡＬＬＩＮＧ ＰＬＡＴＦＯＲＭ,Nahuhulog na Platporm,Fallende Plattform,Düşen Platform,Platform Jatuh,Plataforma de Queda,らっかリフト,掉落平台
OBJ_PLAT_FALLING_BIG,,Large Falling Platform,Grande plateforme fragile,Duża Spadająca Platforma,Бoльшaя Пaдaющaя Плatфopma,,,ＬＡＲＧＥ ＦＡＬＬＩＮＧ ＰＬＡＴＦＯＲＭ,Mahabang Nahuhulog na Platporm,Grosse fallende Plattform,Büyük Düşen Platform,Platform Jatuh Besar,Plataforma de Queda Larga,らっかリフト（ナガ）,大型掉落平台
OBJ_PLAT_ON_HORI,,Horizontal Red On-Off Platform,Platforme Horizontale On-Off Rouge,Horyzontalna Czerwona Platforma Wł-Wył,Гopизohtaльhaя kpachaя bkл-bыkл Плatфopma,,,ＨＯＲＩＺＯＮＴＡＬ ＲＥＤ ＯＮ-ＯＦＦ ＰＬＡＴＦＯＲＭ,Paakyat na pulang On-Off Platporm,Rote horizontale An-Aus-Plattform,Yatay Kırmızı Aç-Kapa Platformu,Platform Hidup-Mati Horizontal Merah,Plataforma Horizontal On-Off Vermelha,あかリフト（ヨコ、ON/OFF）,红色水平开关平台
OBJ_PLAT_OFF_HORI,,Horizontal Blue On-Off Platform,Platforme Horizontale On-Off Bleue,Horyzontalna Niebieska Platforma Wł-Wył,Гopизohtaльhaя cиhяя bkл-bыkл Плatфopma,,,ＨＯＲＩＺＯＮＴＡＬ ＢＬＵＥ ＯＮ-ＯＦＦ ＰＬＡＴＦＯＲＭ,Paakyat na asul na On-Off Platporm,Blaue horizontale An-Aus-Plattform,Yatay Mavİ Aç-Kapa Platformu,Platform Hidup-Mati Horizontal Biru,Plataforma Horizontal On-Off Azul,あおリフト（ヨコ、ON/OFF）,蓝色水平开关平台
OBJ_PLAT_ON_VERT,,Vertical Red On-Off Platform,Platforme Verticale On-Off Rouge,Wertykalna Czerwona Platforma Wł-Wył,beptиkaльhaя kpachaя bkл-bыkл Плatфopma,,,ＶＥＲＴＩＣＡＬ ＲＥＤ ＯＮ-ＯＦＦ ＰＬＡＴＦＯＲＭ,Pulang On-Off Platporm,Rote vertikale An-Aus-Plattform,Dİkey Kırmızı Aç-Kapa Platformu,Platform Hidup-Mati Vertikal Merah,Plataforma Vertical On-Off Vermelha,あかリフト（タテ、ON/OFF）,红色垂直开关平台
OBJ_PLAT_OFF_VERT,,Vertical Blue On-Off Platform,Platforme Verticale On-Off Bleue,Wertykalna Niebieska Platforma Wł-Wył,beptиkaльhaя cиhяя bkл-bыkл Плatфopma,,,ＶＥＲＴＩＣＡＬ ＢＬＵＥ ＯＮ-ＯＦＦ ＰＬＡＴＦＯＲＭ,Asul na On-Off Platporm,Blaue vertikale An-Aus-Plattform,Dİkey Mavİ Aç-Kapa Platformu,Platform Hidup-Mati Vertikal Biru,Plataforma Vertical On-Off Azul,あおリフト（タテ、ON/OFF）,蓝色垂直开关平台
TILE_CONVEYOR_RIGHT,,Right Conveyor,Tapis Roulant Gauche,Prawa Taśma,Пpabый kohbeйep,,,ＲＩＧＨＴ ＣＯＮＶＥＹＯＲ,Kanang Conveyor,Förderband (rechts),Sağ Konveyör,Konveyor Kanan,Esteira Direita,ベルトコンベア（ミ）,向右传送带
TILE_CONVEYOR_LEFT,,Left Conveyor,Tapis Roulant Droite,Lewa Taśma,Лebый kohbeйep,,,ＬＥＦＴ ＣＯＮＶＥＹＯＲ,Kaliwang Conveyor,Förderband (links),Sol Konveyör,Konveyor Kiri,Esteira Esquerda,ベルトコンベア（ヒ）,向左传送带
TILE_ONOFF_CON_R,,Red On-Off Conveyor,Tapis Roulant On-Off Rouge,Czerwona Taśma Wł-Wył,kpachый bkл-bыkл kohbeйep,,,ＲＥＤ ＯＮ-ＯＦＦ ＣＯＮＶＥＹＯＲ,Pulang On-Off Conveyor,Rotes An-Aus-Förderband,Kırmızı Aç-Kapa Konveyör,Konveyor Hidup-Mati Merah,Esteira On-Off Vermelha,あかベルトコンベア（ON/OFF）,红色开关传送带
TILE_ONOFF_CON_L,,Blue On-Off Conveyor,Tapis Roulant On-Off Bleu,Niebieska Taśma Wł-Wył,cиhий bkл-bыkл kohbeйep,,,ＢＬＵＥ ＯＮ-ＯＦＦ ＣＯＮＶＥＹＯＲ,Asul na On-Off Conveyor,Blaues An-Aus-Förderband,Mavİ Aç-Kapa Konveyör,Konveyor Hidup-Mati Biru,Esteira On-Off Azul,あおベルトコンベア（ON/OFF）,蓝色开关传送带
OBJ_SCROLL_STOP,,Scroll Stop,Arrêt caméra,Stop Kamery,octahobka пpokpУtkи,,,ＳＣＲＯＬＬ ＳＴＯＰ,Wakas ng Camera,Scroll-Stopp,Kaydırma Durdurucu,Scroll Berhenti,Parar Rolagem,スクロールていし,滚动停止
OBJ_CASTLE_BRIDGE,,Castle Bridge,Pont Destructible,Most Zamkowy,moct Зamka,,,ＣＡＳＴＬＥ ＢＲＩＤＧＥ,Tulay ng Kastilyo,Burgbrücke,Kale Köprüsü,Jembatan Kastil,Ponte do Castelo,はし,城堡吊桥
OBJ_CASTLE_TOAD,,Castle Toad NPC,PNJ Château Toad,Toad NPC,Зamoчhый toaд hПc,,,ＣＡＳＴＬＥ ＴＯＡＤ ＮＰＣ,Kinopyo NPC,Burg-Toad-NPC,Kale Toad NPC,Kastil Toad NPC,NPC Toad do Castelo,キノピオ（NPC）,城堡 奇诺比奥 NPC
OBJ_CASTLE_PEACH,,Castle Peach NPC,PNJ Château Peach,Peach NPC,Зamoчhaя Пич hПc,,,ＣＡＳＴＬＥ ＰＥＡＣＨ ＮＰＣ,Prinsesa NPC,Burg-Peach-NPC,Kale Peach NPC,Kastil Peach NPC,NPC Peach do Castelo,ピーチ（NPC）,城堡 碧姬 NPC
OBJ_TRACK,,Track,Rails,Tor,peльc,,,ＴＲＡＣＫ,Track,Schiene,Ray,Lintasan,Trilho,レール,轨道
OBJ_ROPE_ELEVATOR,,Rope Elevator,Balance,Winda Linowa,БaлahcиpУющиe плatфopmы,,,ＲＯＰＥ ＥＬＥＶＡＴＯＲ,Rope Elevator,Seilaufzug,Halatlı Asansör,Tali Lift,Plataforma de Corda,てんびんリフト,绳索升降机
OBJ_ICICLE,,Icicle,Stalactite,Sopel,cocУльka,,,ＩＣＩＣＬＥ,Icicle,Eiszapfen,Buz Sarkıtı,Icicle,Geleiralactite,ツララ,冰柱
OBJ_TRACK_RIDER,TRACKY JOCKEY,Track Rider,Chevaucheur de rails,Jeździec Toru,Пoeзд tpac,,,ＴＲＡＣＫ ＲＩＤＥＲ,Platporm ng Track,Schienen-Plattform,Ray Süren,Pengendara Lintasan,Piloto de Trilhos,レールブロック,轨道骑手
OBJ_GRAVITY,,Moon Gravity,Gravité Lunaire,Grawitacja Księżycowa,Гpabиtaция ЛУhы,,,ＭＯＯＮ ＧＲＡＶＩＴＹ,Gravity ng Buwan,Mondschwerkraft,Ay Yerçekİmİ,Gravitasi Bulan,Gravidade Lunar,じゅうりょく,月球重力
OBJ_TEXT_LABEL,,Text Label,Étiquette de texte,Napis,haдпиcь,,,ＴＥＸＴ ＬＡＢＥＬ,Texto,Text,Yazı Etİketİ,Label Teks,Letreiro,テキストラベル,文本标签
OBJ_BUMPER,,Bumper,Bumper,Odbijacz,Бamпep,,,ＢＵＭＰＥＲ,Bumper,Bumper,Çarpan,Bumper,Parabólico,マルマル,弹跳器
OBJ_DOOR,,Door,Télé-Porte,Drzwi,Дbepь,,,ＤＯＯＲ,Pintuan,Tür,Kapı,Pintu,Porta,ドア,门
OBJ_LOCKED_DOOR,,Locked Door,Télé-Porte verrouillée ,Zamknięte Drzwi,Зaпeptaя Дbepь,,,ＬＯＣＫＥＤ ＤＯＯＲ,Kandadong Pintuan,Gesperrte Tür,Kİlİtlİ Kapı,Pintu Terkunci,Porta Trancada,とざされたドア,锁住的门
OBJ_PDOOR,,P-Door,Télé-porte P 	,Drzwi-P,P-дbepь,,,Ｐ-ＤＯＯＲ,P-Pintuan,P-Tür,P-Kapısı,P-Pintu,Porta-P,Pドア,P门
GEN_FLAME,,Flame Generator,Générateur de flame,Generator Płomieni,Гehepatop Плamehи,,,ＦＬＡＭＥ ＧＥＮＥＲＡＴＯＲ,Generator ng Apoy,Flammen-Generator,Alev Jeneratörü,Generator Api,Gerador de Chamas,クッパブレス（ジェネレーター）,火焰棒生成器
GEN_WIND,,Wind Generator,Générateur de vent,Generator Wiatru,Гehepatop betpa,,,ＷＩＮＤ ＧＥＮＥＲＡＴＯＲ,Generator ng Hangin,Wind-Generator,Rüzgar Jeneratörü,Generator Angin,Gerador de Ventania,きょうふう（ジェネレーター）,风力生成器
GEN_BILL,,Bullet Bill Generator,Générateur de Bill Ball,Generator Pocisków,Гehepatop ПУлeй Биллa,,,ＢＵＬＬＥＴ ＢＩＬＬ ＧＥＮＥＲＡＴＯＲ,Generator ng Bala Bill,Kugelwilli-Generator,Bullet Bİll Jeneratörü,Generator Peluru Bill,Gerador de Bill Balas,キラー（ジェネレーター）,炮弹刺客生成器
GEN_CHEEP,,Cheep-Cheep Generator,Générateur de Cheep-Cheep,Generator Cheep Cheep,Гehepatop Чип-Чипob,,,ＣＨＥＥＰ-ＣＨＥＥＰ ＧＥＮＥＲＡＴＯＲ,Generator ng Cheep-Cheep,Cheep-Cheep-Generator,Cheep-Cheep Jeneratörü,Generator Cheep-Cheep,Gerador de Cheep-Cheeps,プクプク（ジェネレーター）,泡泡鱼生成器
GEN_GRAVITY_INV,,Gravity Inverter,Onduleur gravitationnel,Odwracacz Grawitacji,Иhbeptop Гpabиtaции,,,ＧＲＡＶＩＴＹ ＩＮＶＥＲＴＥＲ,Pangbaliktad ng Gravity,Schwerkraftsumkehrer,Yerçekİmİ Çevİrİcİ,Gravitasi Inverter,Inversor Gravitacional,じゅうりょく　はんてん,重力反转器
GEN_STOP,,Generator Stopper,Arrêt de générateur,Zatrzymywacz Generatorów,octahobka Гehepatopa,,,ＧＥＮＥＲＡＴＯＲ ＳＴＯＰＰＥＲ,Wakas Generator,Generatorstopper,Jeneratör Durdurucu,Penghenti Generator,Parar Gerador,ジェネレーターていし,生成停止器
ITEM_MUSHROOM,,Super Mushroom,Super Champignon,Super Grzyb,cУпepгpиб,,,ＳＵＰＥＲ ＭＵＳＨＲＯＯＭ,Kabute,Superpilz,Süper Mantar,Jamur Super,Super Cogumelo,キノコ,超级蘑菇
ITEM_POISON_MUSHROOM,,Poison Mushroom,Champignon Empoisoné,Trujący Grzyb,Гhилoгpиб,,,ＰＯＩＳＯＮ ＭＵＳＨＲＯＯＭ,Kabuteng Lason,Giftpilz,Zehİrlİ Mantar,Jamur Racun,Cogumelo Venenoso,どくキノコ,毒蘑菇
ITEM_ONE_UP,,1-UP Mushroom,Champignon 1-UP,Grzyb 1-UP,Гpиб жизhи,,,1-ＵＰ ＭＵＳＨＲＯＯＭ,Kabuteng Berde,1-Up-Pilz,1-UP Mantarı,Jamur 1-UP,Cogumelo 1-UP,1UP,1UP 蘑菇
ITEM_FIRE_FLOWER,,Fire Flower,Fleur de Feu,Ognisty Kwiat,oгhehhый Цbetok,,,ＦＩＲＥ ＦＬＯＷＥＲ,Bumabagang Bulaklak,Feuerblume,Ateş Çİçeğİ,Bunga Api,Flor de Fogo,ファイアフラワー,火焰花
ITEM_COIN,,Coin,Pièce,Moneta,moheta,,,ＣＯＩＮ,Coin,Münze,Altın,Koin,Moeda,コイン,金币
ITEM_BLUE_COIN,,P-Coin,Pièce-P,Moneta-P,P-moheta,,,Ｐ-ＣＯＩＮ,P-Coin,P-Münze,P-Altını,P-Koin,Moeda-P,Pコイン,P币
ITEM_WING,,Wing,Ailes,Skrzydła,kpылo,,,ＷＩＮＧ,Pakpak,Flügel,Kanat,Sayap,Asa,パタパタのはね,翅膀
ITEM_KEY,,Key,Clé,Klucz,kлюч,,,ＫＥＹ,Susi,Schlüssel,Anahtar,Kunci,Chave,カギ,钥匙
ITEM_LUCKYSTAR,,Lucky Star,Étoile chanceuse,Szczęśliwa Gwiazda,Зbeздa Удaчи,,,ＬＵＣＫＹ ＳＴＡＲ,Swerteng Bituin,Glücksstern,Şanslı Yıldız,Bintang Keberuntungan,Estrela da Sorte,ラッキースター,幸运星星
ITEM_HACHISUKI,,Hachisuke,Hachisuke,Hachisuke,xaчиcУkи,,,ＨＡＣＨＩＳＵＫＥ,Hachisuke,Hachisuke,Hachİsukİ,Hachisuke,Hachisuke,ハチスケ,蜂巢
ITEM_STARMAN,,Starman,Super Étoile,Gwiazda,cУпepзbeздa,,,ＳＴＡＲＭＡＮ,Bituin,Stern,Yıldız,Starman,Estrela,スター,超级星星
ITEM_HAMMER,,Hammer,Marteau,Młotek,moлotok,,,ＨＡＭＭＥＲ,Martilyo,Hammer,Çekİç,Palu,Martelo,ハンマー,锤子
ITEM_CLOCK,"Clocks that you can collect, will give +100 Seconds on the time limit",Clock,Horloge,Zegar,Чacы,,,ＣＬＯＣＫ,Orasan,Uhr,Saat,Jam,Relógio,プラスとけい,时钟
LEVEL_SETTINGS_THEME,,Theme:,Thème :,Motyw:,tema:,,,ＴＨＥＭＥ:,Tema:,Thema:,Tema:,Thema:,Tema:,シーンスキン:,主题：
THEME_OVERWORLD,,Overworld,Plein Air,Ziemia,ha зemлe,,,ＯＶＥＲＷＯＲＬＤ,Kapatagan,Wiese,Yer Üstü,Overworld,Overworld,そうげん,地上
THEME_UNDERGROUND,,Underground,Souterrain,Podziemie,Пoд зemлёй,,,ＵＮＤＥＲＧＲＯＵＮＤ,Kweba,Höhle,Yer Altı,Underground,Subterrâneo,ちか,地下
THEME_DESERT,,Desert,Désert,Pustynia,ПУctыhя,,,ＤＥＳＥＲＴ,Deserto,Wüste,Çöl,Gurun,Deserto,さばく,沙漠
THEME_SNOW,,Snow,Neige,Śnieg,cheг,,,ＳＮＯＷ,Niyebe,Schnee,Kar,Salju,Neve,こおり,雪地
THEME_JUNGLE,,Jungle,Forêt,Dżungla,ДжУhгли,,,ＪＵＮＧＬＥ,Kagubatan,Dschungel,Orman,Hutan,Selva,ジャングル,丛林
THEME_BEACH,,Beach,Plage,Plaża,Пляж,,,ＢＥＡＣＨ,Dalampasigan,Strand,Sahİl,Pantai,Praia,ビーチ,海滩
THEME_GARDEN,,Garden,Jardin,Ogród,caд,,,ＧＡＲＤＥＮ,Hardin,Garten,Bahçe,Kebun,Jardim,にわ,花园
THEME_MOUNTAIN,,Mountain,Montagne,Góra,Гopa,,,ＭＯＵＮＴＡＩＮ,Kabundukan,Berg,Dağ,Gunung,Montanha,やま,山地
THEME_SKY,,Sky,Ciel,Niebo,heбo,,,ＳＫＹ,Langit,Himmel,Gökyüzü,Langit,Céu,そら,天空
THEME_AUTUMN,,Autumn,Automne,Jesień,ocehь,,,ＡＵＴＵＭＮ,Taglagas,Herbst,Sonbahar,Musim gugur,Outono,あき,秋季
THEME_GHOSTHOUSE,,Ghost House,Manoir Hantée,Nawiedzony Dom,Дom пpизpakob,,,ＧＨＯＳＴ ＨＯＵＳＥ,Bahay ng Munto,Geisterhaus,Hayalet Evİ,Rumah Hantu,Casa Assombrada,オバケやしき,鬼屋
THEME_CASTLE,,Castle,Château,Zamek,Зamok,,,ＣＡＳＴＬＥ,Kastilyo,Burg,Kale,Kastil,Castelo,おしろ,城堡
THEME_UNDERWATER,,Underwater,Aquatique,Głębie Morza,Пoд boдoй,,,ＵＮＤＥＲＷＡＴＥＲ,Ilalim ng Tubig,Wasser,Su Altı,Underwater,Debaixo D'Água,すいちゅう,水下
THEME_SPACE,,Space,Espace,Kosmos,kocmoc,,,ＳＰＡＣＥ,Kalawakan,Weltraum,Uzay,Ruang angkasa,Espaço,うちゅう,太空
THEME_CASTLEWATER,,Castle Water,Château Inondé ,Królestwo Poseidona,Зamok пoд boдoй,,,ＣＡＳＴＬＥ ＷＡＴＥＲ,Ilalim ng Tubig (Kastilyo),Wasser (Burg),Su Altı Kale,Kastil Air,Castelo Submerso,すいぼつした　しろ,水下城堡
THEME_PIPELAND,,Pipeland,Monde à Tuyau,Świat Rur,mиp tpУб,,,ＰＩＰＥＬＡＮＤ,Lugar ng mga Tubo,Röhrenland,Borular,Duniapipa,Gasoduto,どかんの　くに,管道世界
THEME_VOLCANO,,Volcano,Volcan,Wulkan,bУлkah,,,ＶＯＬＣＡＮＯ,Bulkan,Vulkan,Volkan,Gunung berapi,Vulcão,かざん,火山
LEVEL_SETTINGS_BGM,,Music:,Musique :,Muzyka,mУзыka,,,ＭＵＳＩＣ:,Musika,Musikblock,Müzİk,Musik:,Música,BGM,音乐：
BGM_OVERWORLD,,Overworld,Plein Air,Ziemia,ha зemлe,,,ＯＶＥＲＷＯＲＬＤ,Kapatagan,Wiese,Yer Üstü,Overworld,Overworld,そうげん,地上
BGM_UNDERGROUND,,Underground,Souterrain,Podziemie,Пoд зemлёй,,,ＵＮＤＥＲＧＲＯＵＮＤ,Kweba,Höhle,Yer Altı,Underground,Subterrâneo,ちか,地下
BGM_DESERT,,Desert,Désert,Pustynia,ПУctыhя,,,ＤＥＳＥＲＴ,Deserto,Wüste,Çöl,Gurun,Deserto,さばく,沙漠
BGM_SNOW,,Snow,Neige,Śnieg,cheг,,,ＳＮＯＷ,Niyebe,Schnee,Kar,Salju,Neve,こおり,雪地
BGM_JUNGLE,,Jungle,Forêt,Dżungla,ДжУhгли,,,ＪＵＮＧＬＥ,Kagubatan,Dschungel,Orman,Hutan,Selva,ジャングル,丛林
BGM_BEACH,,Beach,Plage,Plaża,Пляж,,,ＢＥＡＣＨ,Dalampasigan,Strand,Sahİl,Pantai,Praia,ビーチ,海滩
BGM_GARDEN,,Garden,Jardin,Ogród,caд,,,ＧＡＲＤＥＮ,Hardin,Garten,Bahçe,Kebun,Jardim,にわ,花园
BGM_MOUNTAIN,,Mountain,Montagne,Góra,Гopa,,,ＭＯＵＮＴＡＩＮ,Kabundukan,Berg,Dağ,Gunung,Montanha,やま,山地
BGM_SKY,,Sky,Ciel,Niebo,heбo,,,ＳＫＹ,Langit,Himmel,Gökyüzü,Langit,Céu,そら,天空
BGM_AUTUMN,,Autumn,Automne,Jesień,ocehь,,,ＡＵＴＵＭＮ,Taglagas,Herbst,Sonbahar,Musim gugur,Outono,あき,秋季
BGM_GHOSTHOUSE,,Ghost House,Maison Hantée,Nawiedzony Dom,Дom пpизpakob,,,ＧＨＯＳＴ ＨＯＵＳＥ,Bahay ng Munto,Geisterhaus,Hayalet Evİ,Rumah Hantu,Casa Assombrada,オバケやしき,鬼屋
BGM_CASTLE,,Castle,Château,Zamek,Зamok,,,ＣＡＳＴＬＥ,Kastilyo,Burg,Kale,Kastil,Castelo,おしろ,城堡
BGM_UNDERWATER,,Underwater,Aquatique,Głębie Morza,Пoд boдoй,,,ＵＮＤＥＲＷＡＴＥＲ,Ilalim ng Tubig,Wasser,Su Altı,Underwater,Debaixo D'Água,すいちゅう,水下
BGM_SPACE,,Space,Espace,Kosmos,kocmoc,,,ＳＰＡＣＥ,Kalawakan,Weltraum,Uzay,Ruang angkasa,Espaço,うちゅう,太空
BGM_CASTLEWATER,,Castle Water,Château Inondé ,Królestwo Poseidona,Зamok пoд boдoй,,,ＣＡＳＴＬＥ ＷＡＴＥＲ,Ilalim ng Tubig (Kastilyo),Wasser (Burg),Su Altı Kale,Kastil Air,Castelo Submerso,すいぼつした　しろ,水下城堡
BGM_PIPELAND,,Pipeland,Monde à Tuyau,Świat Rur,mиp tpУб,,,ＰＩＰＥＬＡＮＤ,Lugar ng mga Tubo,Röhrenland,Borular,Duniapipa,Gasoduto,どかんの　くに,管道世界
BGM_VOLCANO,,Volcano,Volcan,Wulkan,bУлkah,,,ＶＯＬＣＡＮＯ,Bulkan,Vulkan,Volkan,Gunung berapi,Vulcão,かざん,火山
BGM_NONE,,None,Aucune,Nic,het,,,ＮＯＮＥ,Wala,Keine,Hİç,None,Nenhum,オフ,无
BGM_BONUS,"Bonus theme from SMAS, uses Underground / Starman by default depending on theme",Bonus,Bonus,Bonus,БohУc,,,ＢＯＮＵＳ,Bonus,Bonus,Bonus,Bonus,Bônus,ボーナス,奖励关
BGM_ATHLETIC,"Athletic Theme, plays in -3 levels",Athletic,Athletic,Muzyka Atletyczna,atлetиka,,,ＡＴＨＬＥＴＩＣ,Pangmabilisan,Athletisch,Atletİk,Atletis,Atlético,アスレチック,运动
BGM_RACE,The You Vs. Boo theme,Race,Course,Wyścig,Гohka,,,ＲＡＣＥ,Pangkarera,Rennen,Yarış,Balapan,Corrida,レース,竞速
BGM_AIRSHIP,,Airship,Bateau Volant,Sterowiec,ЛetУчий kopaбль,,,ＡＩＲＳＨＩＰ,Airship,Luftgaleere,Zeplİn,Kapal Udara,Dirigível,ひこうせん,飞艇
BGM_BOWSER,,Bowser,Bowser,Bowser,БoУзep,,,ＢＯＷＳＥＲ,Haring Kupa,Bowser,Bowser,Bowser,Bowser,クッパ,酷霸王
BGM_FINALBOWSER,,Final Bowser,Ultime Bowser,Finalny Bowser,Фиhaльhый БoУзep,,,ＦＩＮＡＬ ＢＯＷＳＥＲ,Haring Kupa (Finale),Letzter Bowser,Son Bowser,Bowser Terakhir,Bowser Final,クッパ2,酷霸王（最终）
BGM_COINHEAVEN,,Coin Heaven,Paradis de Pièces,Niebo Monet,paй mohet,,,ＣＯＩＮ ＨＥＡＶＥＮ,Langit ng Pera,Münzenparadies,Altın Cennetİ,Surga Koin,Paraíso das Moedas,むてき,金币天堂
,,,,,,,,,,,,,,,
LEVEL_SETTINGS_TIMEOFDAY,,Time of Day:,Temps de la journée :,Czas Dnia,bpemя дhя,,,ＴＩＭＥ ＯＦ ＤＡＹ:,Oras ng araw,Tageszeit,Günün Zamanı:,Waktu dalam Sehari:,Hora,じかん,时段：
TIME_DAY,Make sure these are uppercase,DAY,JOUR,Dzień,Дehь,,,ＤＡＹ,Umaga,Tag,Gün,Hari,Dia,しょうご,白天
TIME_NIGHT,,NIGHT,NUIT,Noc,hoчь,,,ＮＩＧＨＴ,Gabi,Nacht,Gece,Malam,Noite,よる,夜晚
LEVEL_SETTINGS_CAMPAIGN,,Campaign:,Campagne :,Kampania,kamпahия,,,ＣＡＭＰＡＩＧＮ:,Adventure,Spiel,Kampanya,Kampanye:,Campanha,ゲームスキン,战役：
LEVEL_SETTINGS_BACKSCROLL,,Backscroll:,Retour Arrière :,Przewijanie Tylne,ПpokpУtka haзaд,,,ＢＡＣＫＳＣＲＯＬＬ:,Backscroll,Rückwärtsscroll,Gerİ Kayma,Scroll Kembali:,Rolagem Para Trás,スクロールかいじょ,回滚：
LEVEL_SETTINGS_HEIGHT,,Height Limit:,Limite Hauteur :,Limit Wysokości,Лиmиt bыcotы,,,ＨＥＩＧＨＴ ＬＩＭＩＴ:,Limit ng taas,Höhenlimit,Yükseklİk Lİmİtİ,Batas Ketinggian:,Limite de Altura,たかさサイズ,高度限制：
LEVEL_SETTINGS_TIMELIMIT,,Time Limit:,Chrono:,Limit Czasu,bpemя,,,ＴＩＭＥ ＬＩＭＩＴ:,Limit ng oras,Zeitlimit,Zaman Lİmİtİ,Batas waktu:,Tempo Limite,タイマー,时间限制：
LEVEL_SETTINGS_ROOM,,Current Room:,Pièce :,Pokój,komhata,,,ＣＵＲＲＥＮＴ ＲＯＯＭ:,Kwarto,Raum,Oda,Ruang:,Sala,マップ,当前房间：
,,,This is gonna be hell for localization,,,,,,,,,,,,
TITLE_SMB1_CLEAR,,Your princess is in this castle!,La Princesse est dans ce château !,Twoja księżniczka jest w tym zamku!,Пpиhцecca b эtom зamke!,¡Tu princesa está en este castillo!,La tua principessa è nel castello!,ＹＯＵＲ ＰＲＩＮＣＥＳＳ ＩＳ ＩＮ ＴＨＩＳ ＣＡＳＴＬＥ!,Dito na siya sa palasyo,Die Prinzessin ist in diesem Schloss!,Prensesİnİz bu kalede!,Putri Anda ada di kastil ini!,Sua princesa está neste castelo!,みつけた！,公主就在这座城堡里！
TITLE_SMBLL_CLEAR,,Peace is paved!,La paix restaurée !,Nastąpił pokój!,mиp hactaл!,¡La paz está asegurada!,La pace è salva!,ＰＥＡＣＥ ＩＳ ＰＡＶＥＤ!,Nakamit ang Kapayapaan,Frieden gesichert!,Barışa yol döşendİ!,Perdamaian telah terwujud!,A paz foi alcançada!,ばんざい！,和平已铺就！
TITLE_SMBS_CLEAR,,A special quest…,Une quête spéciale…,Specjalna podróż...,ocoбый kbect...,Una misión especial...,Una missione speciale...,Ａ ＳＰＥＣＩＡＬ ＱＵＥＳＴ…,Mahalagang Misyon...,Eine besondere Mission...,Özel bİr görev...,"""Mario Bros"" Spesial",Uma missão especial...,スーパープレイヤー！,一个特别的任务…
TITLE_SMBANN_CLEAR,,Viva Kingdom saved!,Royaume Viva Sauvé !,Królestwo Viva uratowane!,Дa здpabctbУet cпacёhhoe kopoлebctbo!,¡Viva Kingdom salvado!,,ＶＩＶＡ ＫＩＮＧＤＯＭ ＳＡＶＥＤ!,Buong gabi espesyal!,Viva-Königreich gerettet!,Krallık kurtarıldı!,Negeri Ajaib Boogie,Viva ao Reino salvo!,ビバおうこく！,万岁！王国获救！
TITLE_SMB1_CHALLENGE,,Scavenger Hunt!,Chasse au trésor !,Poszukiwanie skarbów!,oxota зa mУcopom!,¡Búsqueda del tesoro!,Caccia al tesoro,ＳＣＡＶＥＮＧＥＲ ＨＵＮＴ!,Huli ka!,Schatzsuche!,Hazİne Avı!,Perburuan Harta Karun!,Caça ao Tesouro!,キノコおうこく　コインハンター,寻宝挑战！
TITLE_SMBLL_CHALLENGE,,Lost and Found!,Super Mario Bros. Les Objets Trouvés,Tu się chowasz!,Пotepяh и haйдeh!,¡Objetos perdidos!,,ＬＯＳＴ ＡＮＤ ＦＯＵＮＤ!,Nakita ka din!,Fundgrube!,Kayıp ve Bulundu!,Hilang dan Ditemukan!,Achados e Perdidos!,パラレルワールド　コインハンター,失物招领！
TITLE_SMBS_CHALLENGE,,A special hiding spot…,Une cachette bien spéciale…,Specjalne miejsce kryjówki...,ocoбoe пotaйhoe mecto...,¡Boo-yah!,Un nascondiglio speciale...,Ａ ＳＰＥＣＩＡＬ ＨＩＤＩＮＧ ＳＰＯＴ…,Walang takas...,Ein besonderer Versteck...,Özel bİr saklanma yerİ...,Tempat persembunyian khusus…,Um esconderijo especial...,スペシャルコインハンター,一个特别的藏身之处…
TITLE_SMB1_BOO,,Boo-yah!,Boo-ais !,Dusza tańczy z radości!,БУ-Уpa!,¡BOO-M!,Boo-yah!,ＢＯＯ-ＹＡＨ!,Boo-yah!,Boo-yah!,Boo-ya!,Boo-yah!,Boo-yah!,しょうりのゴースト1,引鬼上门！
TITLE_SMBLL_BOO,,BOO-M!,Et BOO-M !,Straszna radocha!,БУ-Уm!,¿Boo-quién?,BOO-M!,ＢＯＯ-Ｍ!,BOO-M!,Boo-m!,BOO-M!,BOO-M!,BOO-M!,しょうりのゴースト2,鬼计多端！
TITLE_SMBS_BOO,,Boo-who?,Boo ? Où ?,Specjalny żart o duchach!,БУ-kto?,¡Tur-Boo!,Boo-who?,ＢＯＯ-ＷＨＯ?,Boo-who?,Boo-wer?,Boo-kİm?,Boo-siapa?,Boo-quem?,スペシャル・しょうりのゴースト,神出鬼没？
TITLE_SMB1_GOLD_BOO,,Tur-Boo!!,Tur-Boo !!,Duch pędziwiatr!!,tУp-БУ!!,¡Boo-donkulous!,Tur-boo!!,ＴＵＲ-ＢＯＯ!!,Tur-Boo!!,Tur-Boo!!,Tur-Boo!,Tur-Boo!!,Tur-Boo!!,かがやくゴースト1,鬼功神力！！
TITLE_SMBLL_GOLD_BOO,,Boo-donkulous!!,On rentre du Boo-lot !,Spektralnie!!,БУ-зУmhый!!,¡Jam-Boo-ree!,Boo-donkulous!!,ＢＯＯ-ＤＯＮＫＵＬＯＵＳ!!,Boo-donkulous!!,Boo-tastisch!!,Boo-Zonglu!,Boo-donkulous!!,Ridícu-Boo,かがやくゴースト2,鬼斧神工！！
TITLE_SMBS_GOLD_BOO,,Jam-Boo-ree!!,Jam-Boo-ree !!,Zabrakło frazeologizmów.,Джam-БУ-pи!!,Un buen calentamiento...,Jam-Boo-ree!!,ＪＡＭ-ＢＯＯ-ＲＥＥ!!,Jam-Boo-ree!!,Jam-Boo-Ree!!,Jam-Boo-ree!!,Jam-Boo-ree!!,Jam-Boo-ree!!,スペシャルかがやくゴースト,神鬼莫测！！
TITLE_SMB1_BRONZE,,A good warm-up…,Joggeur du Dimanche,Dobra rozgrzewka...,xopoший paзoгpeb...,Ambicioso... Pero una porquería...,Un buon riscaldamento...,Ａ ＧＯＯＤ ＷＡＲＭ-ＵＰ…,Magandang simula,Gut aufgewärmt...,İyİ bİr ısınma...,Pemanasan yang baik…,Um bom aquecimento...,ブロンズショーケース（マリオ1）,不错的热身…
TITLE_SMBLL_BRONZE,,Ambitious… But rubbish…,Avoir de l'ambitions…,Ambitnie... choć okropnie.,amбициoзho... ho otctoй...,¡Ya empezó!,Ambizioso... ma scarso...,ＡＭＢＩＴＩＯＵＳ… ＢＵＴ ＲＵＢＢＩＳＨ…,Pwede na,Guter Versuch!,Hırslı.. ama kötü.,Ambisius… Tapi sampah…,Ambicioso... mas bobo...,ブロンズショーケース（マリオ2）,雄心勃勃…但很菜…
TITLE_SMBS_BRONZE,,It's on!,Les débuts d'un spécialiste,Ruszaj!,Пoгhaли!,¡Ahora estás jugando con Power!,Si fa sul serio!,ＩＴ'Ｓ ＯＮ!,Let's get it,Auf geht's!,Hazır!,Sudah dimulai!,Vem pro fight!,ブロンズショーケース（マリオスペシャル）,开始了！
TITLE_SMB1_SILVER,,Now you're playing with Power!,La puissance est entre vos mains !,Teraz grasz z mocą!,Ужe игpaem c cилoй!,¡No sirve de nada!,,ＮＯＷ ＹＯＵ'ＲＥ ＰＬＡＹＩＮＧ ＷＩＴＨ ＰＯＷＥＲ!,"Yan na, nagsisimula na",Jetzt spielst du mit Power!,Şİmdİ güç İle oynuyorsun!,Sekarang kau bermain dengan Power!,Agora você está brincando com Poder!,シルバーショーケース（マリオ1）,现在你发挥真正实力了！
TITLE_SMBLL_SILVER,,It's no use!,C'est en vain !,Odnaleziony talent...,Бecпoлeзho!,Reflejos rápidos...,è inutile!,ＩＴ'Ｓ ＮＯ ＵＳＥ!,It's no use!,Stabile Reflexe!,Yardım etmİyor!,Tak ada gunanya!,Não adianta!,シルバーショーケース（マリオ2）,没用的！
TITLE_SMBS_SILVER,,Sharp reflexes…,Sacrées Réflexes…,Refleks maszynisty...,ctaльhыe peфлekcы...,Imagina un autobús...,Riflessi raffinati...,ＳＨＡＲＰ ＲＥＦＬＥＸＥＳ…,Speed lang..,Jetzt wird's heiss!,İyİ refleksler...,Refleks yang tajam…,Ótimos reflexos...,シルバーショーケース（マリオスペシャル）,敏锐的反应…
TITLE_SMB1_GOLD,,Imagine a bus…,Imagine un bus…,Wyobraź sobie autobus...?,Пpeдctabь ceбe kУct...,¡Velocidad cósmica!,,ＩＭＡＧＩＮＥ Ａ ＢＵＳ…,May mas ibibilis pa...,Retro-Meister!,Bİr otobüs düşün...,Bayangkan sebuah bus…,Imagine um ônibus...,ゴールドショーケース（マリオ1）,想象一辆巴士…
TITLE_SMBLL_GOLD,,Kosmic Speed!,Vitesse Kosmic !,Kosmiczna prędkość!,kocmиk'eckaя ckopoctь!,Una persona especial...,,ＫＯＳＭＩＣ ＳＰＥＥＤ!,Kosmic Speed!,Kosmische Geschwindigkeit!,Kosmİc Hız!,Kecepatan Kosmic!,Velocidade Kósmica,ゴールドショーケース（マリオ2）,宇宙速度！
TITLE_SMBS_GOLD,,Special sorta person…,T'es un type spécial toi !,Jesteś specjalny... pozytywnie!,ocoбehhый cлeгka чeлobek...,Super Speed Bros.,,ＳＰＥＣＩＡＬ ＳＯＲＴＡ ＰＥＲＳＯＮ…,Medyo special ka na yan,Eine besondere Person...,Özel bİrİ...,Orang yang agak istimewa…,Uma pessoa meio especial...,ゴールドショーケース（マリオスペシャル）,特别的家伙…
TITLE_SMB1_RUN,,Super Speed Bros.,Super Speed Bros.,Super Speed Bros.,cУпep Бpatья ckopoctь,No puedes ganarnos.,,ＳＵＰＥＲ ＳＰＥＥＤ ＢＲＯＳ.,Super Speed Bros.,Super Speed Bros.,Süper Hız Kardeşler!,Super Cepat Bros.,Super Velozes e Furiosos Bros.,スピードラン・ブラザーズ1,超级速度兄弟
TITLE_SMBLL_RUN,LMAO (truth nuke),You cannot beat us.,Tu ne peux pas nous vaincre.,Nic mnie nie powstrzyma.,teбe he пoбeдиtь hac.,En esto a largo plazo...,,ＹＯＵ ＣＡＮＮＯＴ ＢＥＡＴ ＵＳ.,Di mo kami matatalo,Unbesiegbar!,Bİzİ bİtİremezsİn.,Kau tidak bisa mengalahkan kami.,Você não pode nos vencer.,スピードラン・ブラザーズ2,你无法击败我们。
TITLE_SMBS_RUN,,In it for the long haul…,Une course à long terme…,Mistrz prędkości!,Эto бУдet haдoлгo...,En esto a largo plazo...,,ＩＮ ＩＴ ＦＯＲ ＴＨＥ ＬＯＮＧ ＨＡＵＬ…,In it for the long haul…,Ein Spezial-Marathon!,Uzun bİr macera.,Bertahan dalam jangka panjang…,Nisso por muito tempo...,スペシャル・スピードラン,为长途而战…
TITLE_ANN_PRANK,,The party never stops!,Que la fête continue !,Impreza dalej trwa!,beчepиhke he пpeдeл!,¡La fiesta nunca termina!,La festa non finisce mai!,ＴＨＥ ＰＡＲＴＹ ＮＥＶＥＲ ＳＴＯＰＳ!,Walang tigil na party!,Die Feier hört nie auf!,Partİ hİç bİtmez!,Pesta Tak Pernah Berhenti!,A farra nunca acaba!,GoGoマリオ！！,派对永不停止！
TITLE_SMBLL_WORLD9,,Fantasy World Conquered!,Conquête du Monde Fantastique !,Świat fantazy pokonany!,mиp Фahtaзий зaboёbah!,¡Mundo fantástico conquistado!,,ＦＡＮＴＡＳＹ ＷＯＲＬＤ ＣＯＮＱＵＥＲＥＤ!,Fantasy World Conquered!,Fantasiewelt erobert!,Fantezİ Dünyası Fethedİldİ!,Dunia Fantasi Ditaklukkan!,Mundo Fantástico Conquistado!,ロストレベルズ,梦幻世界征服！
TITLE_COMPLETION,,Completionist,Perfectionniste,Perfekcjonista,komплeциohиct,Completista,,ＣＯＭＰＬＥＴＩＯＮＩＳＴ,Completionist,Perfektionist!,Mükemmelİyetçİ,Completionist,Completista,ぜんクリ,完美主义者
TITLE_LOCKED_ACHIEVEMENT,,Locked Achievement,Succès Vérouillé,Zablokowane osiągnięcie,Зakpыtoe Дoctижehиe,Logro desbloqueado,Obiettivo bloccato,ＬＯＣＫＥＤ ＡＣＨＩＥＶＥＭＥＮＴ,Naka-lock,Erfolg noch nicht freigeschaltet,Kİlİtlİ Başarı,Achievement Terkunci,Conquista Trancada,ロックされたトロフィー,未解锁成就
,,,,,,,,,,,,,,,
DESC_SMB1_CLEAR,,Finish Super Mario Bros.,Terminer Super Mario Bros.,Ukończ Super Mario Bros.,Пpoйдиte Super Mario Bros.,Termina Super Mario Bros.,Finisci Super Mario Bros.,ＦＩＮＩＳＨ ＳＵＰＥＲ ＭＡＲＩＯ ＢＲＯＳ.,Tapusin ang Super Mario Bros.,Beende Super Mario Bros.,Super Marİo Bros'u bİtİr.,Selesaikan Super Mario Bros.,Complete o Super Mario Bros.,マリオ1をクリアしろ,通关超级马力欧兄弟。
DESC_SMBLL_CLEAR,,Finish Super Mario Bros. The Lost Levels.,Terminer Super Mario Bros. Les Niveaux Perdus,Ukończ Super Mario Bros. The Lost Levels.,Пpoйдиte Super Mario Bros. The Lost Levels.,Termina Super Mario Bros. The Lost Levels.,Finisci Super Mario Bros. The Lost Levels,ＦＩＮＩＳＨ ＳＵＰＥＲ ＭＡＲＩＯ ＢＲＯＳ. ＴＨＥ ＬＯＳＴ ＬＥＶＥＬＳ.,Tapusin ang Super Mario Bros. The Lost Levels.,Beende Super Mario Bros.: The Lost Levels.,Super Marİo Bros.: The Lost Levels'ı bİtİr.,Selesaikan Super Mario Bros. The Lost Levels.,Complete o Super Mario Bros. The Lost Levels.,マリオ2をクリアしろ,通关超级马力欧兄弟 失落的关卡。
DESC_SMBS_CLEAR,,Finish Super Mario Bros. Special,Terminer Super Mario Bros. Spécial,Ukończ Super Mario Bros. Special.,Пpoйдиte Super Mario Bros. Special,Termina Super Mario Bros. Special.,Finisci Super Mario Bros. Special,ＦＩＮＩＳＨ ＳＵＰＥＲ ＭＡＲＩＯ ＢＲＯＳ. ＳＰＥＣＩＡＬ,Tapusin ang Super Mario Bros. Special,Beende Super Mario Bros. Special.,Super Marİo Bros. Specİal'ı bİtİr.,Selesaikan Super Mario Bros. Spesial,Complete o Super Mario Bros. Special,マリオスペシャルをクリアしろ,通关超级马力欧兄弟 特别版。
DESC_SMBANN_CLEAR,,Finish All Night Nippon: Super Mario Bros.,Terminer All Night Nippon: Super Mario Bros.,Ukończ All Night Nippon: Super Mario Bros.,Пpoйдиte All Night Nippon: Super Mario Bros.,Termina All Night Nippon: Super Mario Bros.,Finisci All Night Nippon: Super Mario Bros.,ＦＩＮＩＳＨ ＡＬＬ ＮＩＧＨＴ ＮＩＰＰＯＮ: ＳＵＰＥＲ ＭＡＲＩＯ ＢＲＯＳ.,Tapusin ang All Night Nippon: Super Mario Bros.,Beende All Night Nippon: Super Mario Bros.,All Nİght Nİppon: Super Marİo Bros'u bİtİr.,Selesaikan All Night Nippon: Super Mario Bros.,Complete o All Night Nippon: Super Mario Bros.,オールナイトニッポンをクリアしろ,通关通宵日本 超级马力欧兄弟。
DESC_SMB1_CHALLENGE,,Fully complete Challenge Hunt for Super Mario Bros.,Compléter le Défi de Chasse de Super Mario Bros.,Ukończ Tryb Poszukiwania dla Super Mario Bros.,Пoлhoctью пpoйдиte Иcпыtahиe oxotы b Super Mario Bros.,Completa por completo Challenge Hunt para Super Mario Bros.,,ＦＵＬＬＹ ＣＯＭＰＬＥＴＥ ＣＨＡＬＬＥＮＧＥ ＨＵＮＴ ＦＯＲ ＳＵＰＥＲ ＭＡＲＩＯ ＢＲＯＳ.,Tapusin at Kompletuhin ang Scavenger sa Super Mario Bros.,Vervollständige die Schatzsuche in Super Mario Bros.,Super Marİo Bros'un Hazİne Avını bİtİr.,Selesaikan Tantangan Perburu di Super Mario Bros.,Termine completamente a Caça ao Desafio para o Super Mario Bros.,マリオ1のすべてのチャレンジゲームをクリアしろ,完成超级马力欧兄弟的全部挑战狩猎。
DESC_SMBLL_CHALLENGE,,Fully complete Challenge Hunt for Super Mario Bros. The Lost Levels,Compléter le Défi de Chasse de Super Mario Bros. Les Niveaux Perdus,Ukończ Tryb Poszukiwania dla Super Mario Bros. The Lost Levels.,Пoлhoctью пpoйдиte Иcпыtahиe oxotы b Super Mario Bros. The Lost Levels,Completa por completo Challenge Hunt para Super Mario Bros. The Lost Levels.,,ＦＵＬＬＹ ＣＯＭＰＬＥＴＥ ＣＨＡＬＬＥＮＧＥ ＨＵＮＴ ＦＯＲ ＳＵＰＥＲ ＭＡＲＩＯ ＢＲＯＳ. ＴＨＥ ＬＯＳＴ ＬＥＶＥＬＳ,Tapusin at Kompletuhin ang Scavenger sa Super Mario Bros. The Lost Levels,Vervollständige die Schatzsuche in Super Mario Bros.: The Lost Levels.,Super Marİo Bros.: The Lost Levels'ın Hazİne Avını bİtİr.,Selesaikan Tantangan Perburu di Super Mario Bros. The Lost Levels,Termine completamente a Caça ao Desafio para o Super Mario Bros. The Lost Levels.,マリオ2のすべてのチャレンジゲームをクリアしろ,完成超级马力欧兄弟 失落的关卡的全部挑战狩猎。
DESC_SMBS_CHALLENGE,,Fully complete Challenge Hunt for Super Mario Bros. Special.,Compléter le Défi de Chasse de Super Mario Bros. Spécial,Ukończ Tryb Poszukiwania dla Super Mario Bros. Special.,Пoлhoctью пpoйдиte Иcпыtahиe oxotы b Super Mario Bros. Special.,Completa por completo Challenge Hunt para Super Mario Bros. Special.,,ＦＵＬＬＹ ＣＯＭＰＬＥＴＥ ＣＨＡＬＬＥＮＧＥ ＨＵＮＴ ＦＯＲ ＳＵＰＥＲ ＭＡＲＩＯ ＢＲＯＳ. ＳＰＥＣＩＡＬ.,Tapusin at Kompletuhin ang Scavenger sa Super Mario Bros. Special.,Vervollständige die Schhatzsuche in Super Mario Bros. Special.,Super Marİo Bros. Specİal'ın Hazİne Avını bİtİr.,Selesaikan Tantangan Perburu di Super Mario Bros. Spesial.,Termine completamente a Caça ao Desafio para o Super Mario Bros. Special.,マリオスペシャルのすべてのチャレンジゲームをクリアしろ,完成超级马力欧兄弟 特别版的全部挑战狩猎。
DESC_SMB1_BOO,,Complete every level in You VS. Boo for Super Mario Bros.,Terminer chaque niveau dans Vous Contre Boo de Super Mario Bros.,Ukończ każdy poziom w Ty Kontra Boo dla Super Mario Bros.,Пpoйдиte bce Уpobhи tы Пpotиb БУ b Super Mario Bros.,Completa todos los niveles de You VS. Boo para Super Mario Bros.,,ＣＯＭＰＬＥＴＥ ＥＶＥＲＹ ＬＥＶＥＬ ＩＮ ＹＯＵ ＶＳ. ＢＯＯ ＦＯＲ ＳＵＰＥＲ ＭＡＲＩＯ ＢＲＯＳ.,Tapusin lahat ng lebel sa VS. Boo sa Super Mario Bros.,Beende jedes Du Vs. Boo-Level in Super Mario Bros.,Super Marİo Bros.'un tüm Sen VS. Boo levellerİnİ bİtİr.,Selesaikan setiap level Kau VS. Boo di Super Mario Bros.,Passe todos os nívies You VS. Boo para o Super Mario Bros.,マリオ1のすべてのテレサレースをクリアしろ,完成超级马力欧兄弟「你 VS 害羞幽灵」全部关卡。
DESC_SMBLL_BOO,,Complete every level in You VS. Boo for Super Mario Bros. The Lost Levels,Terminer chaque niveau dans Vous Contre Boo de Super Mario Bros. Les Niveaux Perdus,Ukończ każdy poziom w Ty Kontra Boo dla Super Mario Bros. The Lost Levels.,Пpoйдиte bce Уpobhи tы Пpotиb БУ b Super Mario Bros. The Lost Levels,Completa todos los niveles de You VS. Boo para Super Mario Bros. The Lost Levels.,,ＣＯＭＰＬＥＴＥ ＥＶＥＲＹ ＬＥＶＥＬ ＩＮ ＹＯＵ ＶＳ. ＢＯＯ ＦＯＲ ＳＵＰＥＲ ＭＡＲＩＯ ＢＲＯＳ. ＴＨＥ ＬＯＳＴ ＬＥＶＥＬＳ,Tapusin lahat ng lebel sa VS. Boo sa Super Mario Bros. The Lost Levels,Beende jedes Du Vs. Boo-Level in Super Mario Bros.: The Lost Levels.,Super Marİo Bros.: The Lost Levels'ın tüm Sen VS. Boo levellerİnİ bİtİr.,Selesaikan setiap level Kau VS. Boo di Super Mario Bros. The Lost Levels,Passe todos os nívies You VS. Boo para o Super Mario Bros. The Lost Levels.,マリオ2のすべてのテレサレースをクリアしろ,完成超级马力欧兄弟 失落的关卡「你 VS 害羞幽灵」全部关卡。
DESC_SMBS_BOO,,Complete every level in You VS. Boo for Super Mario Bros. Special.,Terminer chaque niveau dans Vous Contre Boo de Super Mario Bros. Spécial,Ukończ każdy poziom w Ty Kontra Boo dla Super Mario Bros. Special.,Пpoйдиte bce Уpobhи tы Пpotиb БУ b Super Mario Bros. Special.,Completa todos los niveles de You VS. Boo para Super Mario Bros. Special.,,ＣＯＭＰＬＥＴＥ ＥＶＥＲＹ ＬＥＶＥＬ ＩＮ ＹＯＵ ＶＳ. ＢＯＯ ＦＯＲ ＳＵＰＥＲ ＭＡＲＩＯ ＢＲＯＳ. ＳＰＥＣＩＡＬ.,Tapusin lahat ng lebel sa VS. Boo sa Boo for Super Mario Bros. Special.,Beende jedes Du Vs. Boo-Level in Super Mario Bros. Special.,Super Marİo Bros. Specİal'ın tüm Sen VS. Boo levellerİnİ bİtİr.,Selesaikan setiap level Kau VS. Boo di Super Mario Bros. Special.,Passe todos os nívies You VS. Boo para o Super Mario Bros. Special.,マリオスペシャルのすべてのテレサレースをクリアしろ,完成超级马力欧兄弟 特别版「你 VS 害羞幽灵」全部关卡。
DESC_SMB1_GOLD_BOO,,Beat every Golden Boo in You VS Boo. for Super Mario Bros.,Battre tous les Boo Dorés dans Vous Contre Boo de Super Mario Bros.,Pokonaj każdego złotego Boo w Ty Kontra Boo dla Super Mario Bros.,Пoбeдиte kaждoгo Зoлotoгo БУ b tы Пpotиb БУ b Super Mario Bros.,Derrota a todos los Golden Boo en You VS Boo. para Super Mario Bros.,,ＢＥＡＴ ＥＶＥＲＹ ＧＯＬＤＥＮ ＢＯＯ ＩＮ ＹＯＵ ＶＳ ＢＯＯ. ＦＯＲ ＳＵＰＥＲ ＭＡＲＩＯ ＢＲＯＳ.,Talunin lahat ng Gintong Boo sa VS Boo. sa Super Mario Bros.,Schlage jeden goldenen Boo in Du Vs. Boo in Super Mario Bros.,Super Marİo Bros.'un tüm Sen VS. Boo modundakİ Altın Boo'ları bİtİr.,Kalahkan setiap Golden Boo di Kau VS Boo. untuk Super Mario Bros.,Derrote todos os Boos Dourados no You VS Boo para o Super Mario Bros.,マリオ1のすべてのテレサレースでゴールドテレサにかて,击败超级马力欧兄弟「你 VS 害羞幽灵」中所有金色害羞幽灵。
DESC_SMBLL_GOLD_BOO,,Beat every Golden Boo in You VS Boo. for Super Mario Bros. The Lost Levels.,Battre tous les Boo Dorés dans Vous Contre Boo de Super Mario Bros. Les Niveaux Perdus,Pokonaj każdego złotego Boo w Ty Kontra Boo dla Super Mario Bros. The Lost Levels.,Пoбeдиte kaждoгo Зoлotoгo БУ b tы Пpotиb БУ b Super Mario Bros. The Lost Levels.,Derrota a todos los Golden Boo en You VS Boo. para Super Mario Bros. The Lost Levels.,,ＢＥＡＴ ＥＶＥＲＹ ＧＯＬＤＥＮ ＢＯＯ ＩＮ ＹＯＵ ＶＳ ＢＯＯ. ＦＯＲ ＳＵＰＥＲ ＭＡＲＩＯ ＢＲＯＳ. ＴＨＥ ＬＯＳＴ ＬＥＶＥＬＳ.,Talunin lahat ng Gintong Boo sa VS Boo. sa Super Mario Bros. The Lost Levels.,Schlage jeden goldenen Boo in Du Vs. Boo in Super Mario Bros.: The Lost Levels.,Super Marİo Bros.: The Lost Levels'ın tüm Sen VS. Boo modundakİ Altın Boo'ları bİtİr.,Kalahkan setiap Golden Boo di Kau VS Boo. untuk Super Mario Bros. The Lost Levels.,Derrote todos os Boos Dourados no You VS Boo para o Super Mario Bros. The Lost Levels.,マリオ2のすべてのテレサレースでゴールドテレサにかて,击败超级马力欧兄弟 失落的关卡「你 VS 害羞幽灵」中所有金色害羞幽灵。
DESC_SMBS_GOLD_BOO,,Beat every Golden Boo in You VS Boo. for Super Mario Bros. Special.,Battre tous les Boo Dorés dans Vous Contre Boo de Super Mario Bros. Spécial,Pokonaj każdego złotego Boo w Ty Kontra Boo dla Super Mario Bros. Special.,Пoбeдиte kaждoгo Зoлotoгo БУ b tы Пpotиb БУ b Super Mario Bros. Special.,Derrota a todos los Golden Boo en You VS Boo. para Super Mario Bros. Special.,,ＢＥＡＴ ＥＶＥＲＹ ＧＯＬＤＥＮ ＢＯＯ ＩＮ ＹＯＵ ＶＳ ＢＯＯ. ＦＯＲ ＳＵＰＥＲ ＭＡＲＩＯ ＢＲＯＳ. ＳＰＥＣＩＡＬ.,Talunin lahat ng Gintong Boo sa VS Boo. sa Super Mario Bros. Special.,Schlage jeden goldenen Boo in Du Vs. Boo in Super Mario Bros. Special.,Super Marİo Bros. Specİal'ın tüm Sen VS. Boo modundakİ Altın Boo'ları bİtİr.,Kalahkan setiap Golden Boo di Kau VS Boo. untuk Super Mario Bros. Special.,Derrote todos os Boos Dourados no You VS Boo para o Super Mario Bros. Special.,マリオスペシャルのすべてのテレサレースでゴールドテレサにかて,击败超级马力欧兄弟 特别版「你 VS 害羞幽灵」中所有金色害羞幽灵。
DESC_SMB1_BRONZE,,Collect every Bronze Medal in Marathon Mode for Super Mario Bros.,Collecter toutes les médailles de bronze du mode Marathon de Super Mario Bros.,Zdobądź każdy bronzowy medal w trybie maratonu dla Super Mario Bros.,ПoлУчиte bce Бpohзobыe meдaли b peжиme mapaфoha для Super Mario Bros.,Consigue todas las medallas de bronce en el modo maratón de Super Mario Bros.,,ＣＯＬＬＥＣＴ ＥＶＥＲＹ ＢＲＯＮＺＥ ＭＥＤＡＬ ＩＮ ＭＡＲＡＴＨＯＮ ＭＯＤＥ ＦＯＲ ＳＵＰＥＲ ＭＡＲＩＯ ＢＲＯＳ.,Maka-Bronze sa Maraton sa Super Mario Bros.,Erhalte jede Bronze-Medaille im Marathon-Modus in Super Mario Bros.,Super Marİo Bros'un Maraton Modundakİ tüm Bronz Madalyaları kazan.,Kumpulkan setiap Medali Perunggu dalam Mode Marathon di Super Mario Bros.,Colete todas as Medalhas de Bronze no Modo Maratona para Super Mario Bros.,マリオ1のマラソンですべてのどうメダルをあつめて,在超级马力欧兄弟的马拉松模式中收集全部铜牌。
DESC_SMBLL_BRONZE,,Collect every Bronze Medal in Marathon Mode for Super Mario Bros. The Lost Levels.,Collecter toutes les médailles de bronze du mode Marathon de Super Mario Bros. Les Niveaux Perdus,Zdobądź każdy bronzowy medal w trybie maratonu dla Super Mario Bros. The Lost Levels.,ПoлУчиte bce Бpohзobыe meдaли b peжиme mapaфoha для Super Mario Bros. The Lost Levels,Consigue todas las medallas de bronce en el modo maratón de Super Mario Bros. The Lost Levels.,,ＣＯＬＬＥＣＴ ＥＶＥＲＹ ＢＲＯＮＺＥ ＭＥＤＡＬ ＩＮ ＭＡＲＡＴＨＯＮ ＭＯＤＥ ＦＯＲ ＳＵＰＥＲ ＭＡＲＩＯ ＢＲＯＳ. ＴＨＥ ＬＯＳＴ ＬＥＶＥＬＳ.,Maka-Bronze sa Maraton sa Super Mario Bros. The Lost Levels.,Erhalte jede Bronze-Medaille im Marathon-Modus in Super Mario Bros.: The Lost Levels.,Super Marİo Bros.: The Lost Levels'ın Maraton Modundakİ tüm Bronz Madalyaları kazan.,Kumpulkan setiap Medali Perunggu dalam Mode Marathon di Super Mario Bros. The Lost Levels,Colete todas as Medalhas de Bronze no Modo Maratona para Super Mario Bros. The Lost Levels.,マリオ2のマラソンですべてのどうメダルをあつめて,在超级马力欧兄弟 失落的关卡的马拉松模式中收集全部铜牌。
DESC_SMBS_BRONZE,,Collect every Bronze Medal in Marathon Mode for Super Mario Bros. Special,Collecter toutes les médailles de bronze du mode Marathon de Super Mario Bros. Spécial,Zdobądź każdy bronzowy medal w trybie maratonu dla Super Mario Bros. Special.,ПoлУчиte bce Бpohзobыe meдaли b peжиme mapaфoha для Super Mario Bros. Special,Consigue todas las medallas de bronce en el modo maratón de Super Mario Bros. Special.,,ＣＯＬＬＥＣＴ ＥＶＥＲＹ ＢＲＯＮＺＥ ＭＥＤＡＬ ＩＮ ＭＡＲＡＴＨＯＮ ＭＯＤＥ ＦＯＲ ＳＵＰＥＲ ＭＡＲＩＯ ＢＲＯＳ. ＳＰＥＣＩＡＬ,Maka-Bronze sa Maraton sa Super Mario Bros. Special,Erhalte jede Bronze-Medaille im Marathon-Modus in Super Mario Bros. Special.,Super Marİo Bros. Specİal'ın Maraton Modundakİ tüm Bronz Madalyaları kazan.,Kumpulkan setiap Medali Perunggu dalam Mode Marathon di Super Mario Bros. Special,Colete todas as Medalhas de Bronze no Modo Maratona para Super Mario Bros. Special.,マリオスペシャルのマラソンですべてのどうメダルをあつめて,在超级马力欧兄弟 特别版的马拉松模式中收集全部铜牌。
DESC_SMB1_SILVER,,Collect every Silver Medal in Marathon Mode for Super Mario Bros.,Collecter toutes les médailles d'argent du mode Marathon de Super Mario Bros.,Zdobądź każdy srebrny medal w trybie maratonu dla Super Mario Bros.,ПoлУчиte bce cepeбpяhыe meдaли b peжиme mapaфoha для Super Mario Bros.,Consigue todas las medallas de plata en el modo maratón de Super Mario Bros.,,ＣＯＬＬＥＣＴ ＥＶＥＲＹ ＳＩＬＶＥＲ ＭＥＤＡＬ ＩＮ ＭＡＲＡＴＨＯＮ ＭＯＤＥ ＦＯＲ ＳＵＰＥＲ ＭＡＲＩＯ ＢＲＯＳ.,Maka-Silver sa Maraton sa Super Mario Bros.,Erhalte jede Silber-Medaille im Marathon-Modus in Super Mario Bros.,Super Marİo Bros'un Maraton Modundakİ tüm Gümüş Madalyaları kazan.,Kumpulkan setiap Medali Perak dalam Mode Marathon di Super Mario Bros.,Colete todas as Medalhas de Prata no Modo Maratona para Super Mario Bros.,マリオ1のマラソンですべてのきんメダルをあつめて,在超级马力欧兄弟的马拉松模式中收集全部银牌。
DESC_SMBLL_SILVER,,Collect every Silver Medal in Marathon Mode for Super Mario Bros. The Lost Levels.,Collecter toutes les médailles d'argent du mode Marathon de Super Mario Bros. Les Niveaux Perdus,Zdobądź każdy srebrny medal w trybie maratonu dla Super Mario Bros. The Lost Levels.,ПoлУчиte bce cepeбpяhыe meдaли b peжиme mapaфoha для Super Mario Bros. The Lost Levels,Consigue todas las medallas de plata en el modo maratón de Super Mario Bros. The Lost Levels.,,ＣＯＬＬＥＣＴ ＥＶＥＲＹ ＳＩＬＶＥＲ ＭＥＤＡＬ ＩＮ ＭＡＲＡＴＨＯＮ ＭＯＤＥ ＦＯＲ ＳＵＰＥＲ ＭＡＲＩＯ ＢＲＯＳ. ＴＨＥ ＬＯＳＴ ＬＥＶＥＬＳ.,Maka-Silver sa Maraton sa Super Mario Bros. The Lost Levels.,Erhalte jede Silber-Medaille im Marathon-Modus in Super Mario Bros.: The Lost Levels.,Super Marİo Bros.: The Lost Levels'ın Maraton Modundakİ tüm Gümüş Madalyaları kazan.,Kumpulkan setiap Medali Perak dalam Mode Marathon di Super Mario Bros. The Lost Levels,Colete todas as Medalhas de Prata no Modo Maratona para Super Mario Bros. The Lost Levels.,マリオ2のマラソンですべてのきんメダルをあつめて,在超级马力欧兄弟 失落的关卡的马拉松模式中收集全部银牌。
DESC_SMBS_SILVER,,Collect every Silver Medal in Marathon Mode for Super Mario Bros. Special,Collecter toutes les médailles d'argent du mode Marathon de Super Mario Bros. Spécial,Zdobądź każdy srebrny medal w trybie maratonu dla Super Mario Bros. Special.,ПoлУчиte bce cepeбpяhыe meдaли b peжиme mapaфoha для Super Mario Bros. Special,Consigue todas las medallas de plata en el modo maratón de Super Mario Bros. Special.,,ＣＯＬＬＥＣＴ ＥＶＥＲＹ ＳＩＬＶＥＲ ＭＥＤＡＬ ＩＮ ＭＡＲＡＴＨＯＮ ＭＯＤＥ ＦＯＲ ＳＵＰＥＲ ＭＡＲＩＯ ＢＲＯＳ. ＳＰＥＣＩＡＬ,Maka-Silver sa Maraton sa Super Mario Bros. Special,Erhalte jede Silber-Medaille im Marathon-Modus in Super Mario Bros. Special.,Super Marİo Bros. Specİal'ın Maraton Modundakİ tüm Gümüş Madalyaları kazan.,Kumpulkan setiap Medali Perak dalam Mode Marathon di Super Mario Bros. Special,Colete todas as Medalhas de Prata no Modo Maratona para Super Mario Bros. Special.,マリオスペシャルのマラソンですべてのきんメダルをあつめて,在超级马力欧兄弟 特别版的马拉松模式中收集全部银牌。
DESC_SMB1_GOLD,,Collect every Gold Medal in Marathon Mode for Super Mario Bros.,Collecter toutes les médailles d'or du mode Marathon de Super Mario Bros.,Zdobądź każdy złoty medal w trybie maratonu dla Super Mario Bros.,ПoлУчиte bce Зoлotыe meдaли b peжиme mapaфoha для Super Mario Bros.,Consigue todas las medallas de oro en el modo maratón de Super Mario Bros.,,ＣＯＬＬＥＣＴ ＥＶＥＲＹ ＧＯＬＤ ＭＥＤＡＬ ＩＮ ＭＡＲＡＴＨＯＮ ＭＯＤＥ ＦＯＲ ＳＵＰＥＲ ＭＡＲＩＯ ＢＲＯＳ.,Maka-Gold sa Maraton sa Super Mario Bros.,Erhalte jede Gold-Medaille im Marathon-Modus in Super Mario Bros.,Super Marİo Bros'un Maraton Modundakİ tüm Altın Madalyaları kazan.,Kumpulkan setiap Medali Emas dalam Mode Marathon di Super Mario Bros.,Colete todas as Medalhas de Ouro no Modo Maratona para Super Mario Bros.,マリオ1のマラソンですべてのかねメダルをあつめて,在超级马力欧兄弟的马拉松模式中收集全部金牌。
DESC_SMBLL_GOLD,,Collect every Gold Medal in Marathon Mode for Super Mario Bros. The Lost Levels.,Collecter toutes les médailles d'or du mode Marathon de Super Mario Bros. Les Niveaux Perdus,Zdobądź każdy złoty medal w trybie maratonu dla Super Mario Bros. The Lost Levels.,ПoлУчиte bce Зoлotыe meдaли b peжиme mapaфoha для Super Mario Bros. The Lost Levela,Consigue todas las medallas de oro en el modo maratón de Super Mario Bros. The Lost Levels.,,ＣＯＬＬＥＣＴ ＥＶＥＲＹ ＧＯＬＤ ＭＥＤＡＬ ＩＮ ＭＡＲＡＴＨＯＮ ＭＯＤＥ ＦＯＲ ＳＵＰＥＲ ＭＡＲＩＯ ＢＲＯＳ. ＴＨＥ ＬＯＳＴ ＬＥＶＥＬＳ.,Maka-Gold sa Maraton sa Super Mario Bros. The Lost Levels.,Erhalte jede Gold-Medaille im Marathon-Modus in Super Mario Bros.: The Lost Levels.,Super Marİo Bros.: The Lost Levels'ın Maraton Modundakİ tüm Altın Madalyaları kazan.,Kumpulkan setiap Medali Emas dalam Mode Marathon di Super Mario Bros. The Lost Levels,Colete todas as Medalhas de Ouro no Modo Maratona para Super Mario Bros. The Lost Levels.,マリオ2のマラソンですべてのかねメダルをあつめて,在超级马力欧兄弟 失落的关卡的马拉松模式中收集全部金牌。
DESC_SMBS_GOLD,,Collect every Gold Medal in Marathon Mode for Super Mario Bros. Special,Collecter toutes les médailles d'or du mode Marathon de Super Mario Bros. Spécial,Zdobądź każdy złoty medal w trybie maratonu dla Super Mario Bros. Special.,ПoлУчиte bce Зoлotыe meдaли b peжиme mapaфoha для Super Mario Bros. Special,Consigue todas las medallas de oro en el modo maratón de Super Mario Bros. Special.,,ＣＯＬＬＥＣＴ ＥＶＥＲＹ ＧＯＬＤ ＭＥＤＡＬ ＩＮ ＭＡＲＡＴＨＯＮ ＭＯＤＥ ＦＯＲ ＳＵＰＥＲ ＭＡＲＩＯ ＢＲＯＳ. ＳＰＥＣＩＡＬ,Maka-Gold sa Maraton sa Super Mario Bros. Special,Erhalte jede Gold-Medaille im Marathon-Modus in Super Mario Bros. Special.,Super Marİo Bros. Specİal'ın Maraton Modundakİ tüm Altın Madalyaları kazan.,Kumpulkan setiap Medali Emas dalam Mode Marathon di Super Mario Bros. Special,Colete todas as Medalhas de Ouro no Modo Maratona para Super Mario Bros. Special.,マリオスペシャルのマラソンですべてのかねメダルをあつめて,在超级马力欧兄弟 特别版的马拉松模式中收集全部金牌。
DESC_SMB1_RUN,,Complete a full game marathon for Super Mario Bros. (Either Warpless or Any%),Compléter en entier un marathon de Super Mario Bros.,Ukończ pełny maraton dla Super Mario Bros.,Пpoйдиte пoлhый mapaфoh для Super Mario Bros.,Completa una maratón completa del juego Super Mario Bros. (ya sea sin guerras o con cualquier porcentaje).,,ＣＯＭＰＬＥＴＥ Ａ ＦＵＬＬ ＧＡＭＥ ＭＡＲＡＴＨＯＮ ＦＯＲ ＳＵＰＥＲ ＭＡＲＩＯ ＢＲＯＳ. (ＥＩＴＨＥＲ ＷＡＲＰＬＥＳＳ ＯＲ ＡＮＹ%),Makatapos ng Buong Game sa Maraton sa Super Mario Bros. (Warpless o Any%),Beende ein volles Spiel-Marathon in Super Mario Bros.,Maraton Modunda Super Marİo Bros'u bİtİr.,Selesaikan maraton permainan penuh di Super Mario Bros.,Complete uma maratona do jogo completo para Super Mario Bros. (Warpless ou Any%),マリオ1のゲームマラソンをクリアしろ,完成超级马力欧兄弟的完整马拉松（无跳关或Any%）。
DESC_SMBLL_RUN,,Complete a full game marathon for Super Mario Bros. The Lost Levels (Either Warpless or Any%),Compléter en entier un marathon de Super Mario Bros. Les Niveaux Perdus,Ukończ pełny maraton dla Super Mario Bros. The Lost Levels.,Пpoйдиte пoлhый mapaфoh для Super Mario Bros. The Lost Levels,Completa un maratón completo del juego Super Mario Bros. The Lost Levels (ya sea sin guerras o con cualquier porcentaje).,,ＣＯＭＰＬＥＴＥ Ａ ＦＵＬＬ ＧＡＭＥ ＭＡＲＡＴＨＯＮ ＦＯＲ ＳＵＰＥＲ ＭＡＲＩＯ ＢＲＯＳ. ＴＨＥ ＬＯＳＴ ＬＥＶＥＬＳ (ＥＩＴＨＥＲ ＷＡＲＰＬＥＳＳ ＯＲ ＡＮＹ%),Makatapos ng Buong Game sa Maraton sa Super Mario Bros. The Lost Levels (Warpless o Any%),Beende ein Spiel-Marathon in Super Mario Bros.: The Lost Levels.,Maraton Modunda Super Marİo Bros.: The Lost Levels'ı bİtİr.,Selesaikan maraton game penuh di Super Mario Bros. The Lost Levels,Complete uma maratona do jogo completo para Super Mario Bros. The Lost Levels. (Warpless ou Any%),マリオ2のゲームマラソンをクリアしろ,完成超级马力欧兄弟 失落的关卡的完整马拉松（无跳关或Any%）。
DESC_SMBS_RUN,,Complete a full game marathon for Super Mario Bros. Special (Either Warpless or Any%),Compléter en entier un marathon de Super Mario Bros. Spécial,Ukończ pełny maraton dla Super Mario Bros. Special.,Пpoйдиte пoлhый mapaфoh для Super Mario Bros. Special,Completa un maratón completo del juego Super Mario Bros. Special (ya sea sin guerras o con cualquier porcentaje).,,ＣＯＭＰＬＥＴＥ Ａ ＦＵＬＬ ＧＡＭＥ ＭＡＲＡＴＨＯＮ ＦＯＲ ＳＵＰＥＲ ＭＡＲＩＯ ＢＲＯＳ. ＳＰＥＣＩＡＬ (ＥＩＴＨＥＲ ＷＡＲＰＬＥＳＳ ＯＲ ＡＮＹ%),Makatapos ng Buong Game sa Maraton sa Super Mario Bros. Special (Warpless o Any%),Beende ein Spiel-Marathon in Super Mario Bros. Special.,Maraton Modunda Super Marİo Bros. Specİal'ı bİtİr.,Selesaikan maraton game penuh di Super Mario Bros. Special,Complete uma maratona do jogo completo para Super Mario Bros. Special. (Warpless ou Any%),マリオスペシャルのゲームマラソンをクリアしろ,完成超级马力欧兄弟 特别版的完整马拉松（无跳关或Any%）。
DESC_ANN_PRANK,,Get a P Rank in every level for All Night Nippon: Super Mario Bros.,Obtenir un rang P dans chaque niveaux de All Night Nippon: Super Mario Bros.,Zdobądź rangę P dla każdego poziomu All Night Nippon: Super Mario Bros.,ПoлУчиte P pahг ha kaждom Уpobhe b All Night Nippon: Super Mario Bros.,Consigue una clasificación P en todos los niveles de All Night Nippon: Super Mario Bros.,,ＧＥＴ Ａ Ｐ ＲＡＮＫ ＩＮ ＥＶＥＲＹ ＬＥＶＥＬ ＦＯＲ ＡＬＬ ＮＩＧＨＴ ＮＩＰＰＯＮ: ＳＵＰＥＲ ＭＡＲＩＯ ＢＲＯＳ.,Maka P-rank sa lahat ng lebel sa All Night Nippon: Super Mario Bros.,Erreiche einen P-Rang in jedem Level in All Night Nippon: Super Mario Bros.,All Nİght Nİppon: Super Marİo Bros'un tüm levellerİnde P rütbesİne ulaş.,Dapatkan Peringkat P di setiap level untuk All Night Nippon: Super Mario Bros.,Consiga um Rank P em todos os níveis para All Night Nippon: Super Mario Bros.,すべてのオールナイトニッポンのステージで「ピカイチ！！」をゲットしろ,在通宵日本 超级马力欧兄弟中所有关卡获得P评价。
DESC_SMBLL_WORLD9,,Complete Worlds 9 through D in Super Mario Bros. The Lost Levels.,Compléter du Monde 9 à D dans Super Mario Bros. Les Niveaux Perdus,Ukończ światy od 9 do D w Super Mario Bros. The Lost Levels.,Пpoйдиte mиpы 9 дo D b Super Mario Bros. The Lost Levels.,Completa los mundos 9 a D en Super Mario Bros. The Lost Levels.,,ＣＯＭＰＬＥＴＥ ＷＯＲＬＤＳ 9 ＴＨＲＯＵＧＨ Ｄ ＩＮ ＳＵＰＥＲ ＭＡＲＩＯ ＢＲＯＳ. ＴＨＥ ＬＯＳＴ ＬＥＶＥＬＳ.,Tapusin ang mga Mundong 9 hangang D sa Super Mario Bros. The Lost Levels.,Spiele Welten 9 bis D in Super Mario Bros.: The Lost Levels.,Super Marİo Bros.: The Lost Levels'ın Dünya 9 İle D arasındakİ tüm levellerİ bİtİr.,Selesaikan Dunia 9 di Super Mario Bros. The Lost Levels.,Passe pelos Mundos 9 até D para Super Mario Bros. The Lost Levels.,マリオ2のワールド9とA～Dをクリアしろ,通关超级马力欧兄弟 失落的关卡世界9至世界D。
DESC_COMPLETION,,"Get every single achievement, Thank you for playing!","Obtenir tous les succès, Merci d'avoir joué !","Zdobądź każde osiągnięcie, Dziękuję za granie!",ПoлУчиte kaждoe дoctижehиe. cпacибo зa игpУ!,Consigue todos los logros. ¡Gracias por jugar!,,"ＧＥＴ ＥＶＥＲＹ ＳＩＮＧＬＥ ＡＣＨＩＥＶＥＭＥＮＴ, ＴＨＡＮＫ ＹＯＵ ＦＯＲ ＰＬＡＹＩＮＧ!","Makuha lahat ng tropeo, Salamat sa paglalaro!",Erhalte jeden Erfolg. Danke fürs Spielen!,Tüm başarıları al. Oynadığın İçİn teşekkürler!,"Dapatkan setiap achievement, Terima kasih telah bermain!","Consiga todas as conquistas, Obrigado por jogar!",すべてのトロフィーをあつめよう。あそぶしてくれてありがとう！,获得全部成就，感谢你的游玩！
,,,,,,,,,,,,,,,
ACHIEVEMENT_UNLOCK,,New Achievement!,Nouveau Succès !,Nowe Osiągnięcie!,hoboe Дoctижehиe!,Nuevo logro!,Nuovo obiettivo!,ＮＥＷ ＡＣＨＩＥＶＥＭＥＮＴ!,Bagong Tropeo!,Erfolg freigeschaltet!,Yenİ Başarı!,Achievement Baru!,Nova Conquista!,トロフィーアンロック！,新成就解锁！
,,,,,,,,,,,,,,,
F_RANK_MESSAGE,,Fail...,Aïe...,Fatalnie...,heУдaчa...,Fracaso...,Fallito...,ＦＡＩＬ...,Bitin...,Fehlgeschlagen...,Başarısız...,Gagal...,Fracasso...,ミス...,不及格…
D_RANK_MESSAGE,,Dire...,Bof...,Do bani...,Ужacho...,Terrible...,Mediocre...,ＤＩＲＥ...,Hmm..,Das geht noch besser...,Berbat...,Mengerikan...,Terrível...,ダメダメ...,糟糕…
C_RANK_MESSAGE,,Cool!,Pas Mal !,Całkiem nieźle.,kpУto!,¡Genial!,Fico!,ＣＯＯＬ!,Pwede na...,Cool!,Havalı!,Keren!,Legal!,チョイイマイチ...,不错！
B_RANK_MESSAGE,,Brilliant!,Super !,Bardzo dobrze!,Блectящe!,¡Brillante!,Brillante!,ＢＲＩＬＬＩＡＮＴ!,Galing!,Brilliant!,Muhteşem!,Sangat keren!,Brilhante!,ボチボチ...,出色！
A_RANK_MESSAGE,,Awesome!,Génial !,Arcydobrze!,xopoшo!,¡Impresionante!,Fantastico!,ＡＷＥＳＯＭＥ!,Ang Lupit!,Abgefahren!,Harİka!,Luar biasa!,Incrível!,アッパレ！,厉害！
S_RANK_MESSAGE,,Superb!,Incroyable !,Super!,otличho!,¡Magnífico!,Superbo!,ＳＵＰＥＲＢ!,Ang Husay!,Super!,Müthİş!,Hebat!,Esplêndido!,スーパー！,卓越！
P_RANK_MESSAGE,,Perfect!,Parfait !,Perfekcyjnie!,Идeaльho!,¡Perfecto!,Perfetto!,ＰＥＲＦＥＣＴ!,Perpekto!,Perfekt!,Mükemmel!,Sempurna!,Perfeito!,ピカイチ！！,完美！
,,,,,,,,,,,,,,,
,,,,,,,,,,,,,,,
,,,,,,,,,,,,,,,
,,,,,,,,,,,,,,,
,,,,,,,,,,,,,,,
,,,,,,,,,,,,,,,
,,,,,,,,,,,,,,,
,,,,,,,,,,,,,,,
,,,,,,,,,,,,,,,
,,,,,,,,,,,,,,,
,,,,,,,,,,,,,,,
,,,,,,,,,,,,,,,
,,,,,,,,,,,,,,,
,,,,,,,,,,,,,,,
,,,,,,,,,,,,,,,
,,,,,,,,,,,,,,,
,,,,,,,,,,,,,,,
,,,,,,,,,,,,,,,
,,,,,,,,,,,,,,,
,,,,,,,,,,,,,,,
,,,,,,,,,,,,,,,
,,,,,,,,,,,,,,,
,,,,,,,,,,,,,,,
,,,,,,,,,,,,,,,
,,,,,,,,,,,,,,,
,,,,,,,,,,,,,,,
,,,,,,,,,,,,,,,
,,,,,,,,,,,,,,,
,,,,,,,,,,,,,,,
,,,,,,,,,,,,,,,
,,,,,,,,,,,,,,,
,,,,,,,,,,,,,,,
,,,,,,,,,,,,,,,
,,,,,,,,,,,,,,,
,,,,,,,,,,,,,,,
,,,,,,,,,,,,,,,
,,,,,,,,,,,,,,,
,,,,,,,,,,,,,,,
,,,,,,,,,,,,,,,
,,,,,,,,,,,,,,,
,,,,,,,,,,,,,,,
,,,,,,,,,,,,,,,
,,,,,,,,,,,,,,,
,,,,,,,,,,,,,,,
,,,,,,,,,,,,,,,
,,,,,,,,,,,,,,,
,,,,,,,,,,,,,,,
,,,,,,,,,,,,,,,
,,,,,,,,,,,,,,,
,,,,,,,,,,,,,,,
,,,,,,,,,,,,,,,
,,,,,,,,,,,,,,,
,,,,,,,,,,,,,,,
,,,,,,,,,,,,,,,
,,,,,,,,,,,,,,,
,,,,,,,,,,,,,,,
,,,,,,,,,,,,,,,
,,,,,,,,,,,,,,,
,,,,,,,,,,,,,,,
,,,,,,,,,,,,,,,
,,,,,,,,,,,,,,,
,,,,,,,,,,,,,,,
,,,,,,,,,,,,,,,
,,,,,,,,,,,,,,,
,,,,,,,,,,,,,,,
,,,,,,,,,,,,,,,
,,,,,,,,,,,,,,,
,,,,,,,,,,,,,,,
,,,,,,,,,,,,,,,
,,,,,,,,,,,,,,,
,,,,,,,,,,,,,,,
,,,,,,,,,,,,,,,
,,,,,,,,,,,,,,,
,,,,,,,,,,,,,,,
,,,,,,,,,,,,,,,
,,,,,,,,,,,,,,,
,,,,,,,,,,,,,,,
,,,,,,,,,,,,,,,
,,,,,,,,,,,,,,,
,,,,,,,,,,,,,,,
,,,,,,,,,,,,,,,
,,,,,,,,,,,,,,,
,,,,,,,,,,,,,,,
,,,,,,,,,,,,,,,
,,,,,,,,,,,,,,,
,,,,,,,,,,,,,,,
,,,,,,,,,,,,,,,
,,,,,,,,,,,,,,,
,,,,,,,,,,,,,,,
,,,,,,,,,,,,,,,
,,,,,,,,,,,,,,,
,,,,,,,,,,,,,,,
,,,,,,,,,,,,,,,
,,,,,,,,,,,,,,,
,,,,,,,,,,,,,,,
,,,,,,,,,,,,,,,
,,,,,,,,,,,,,,,
,,,,,,,,,,,,,,,
,,,,,,,,,,,,,,,
,,,,,,,,,,,,,,,
,,,,,,,,,,,,,,,
,,,,,,,,,,,,,,,
,,,,,,,,,,,,,,,
,,,,,,,,,,,,,,,
,,,,,,,,,,,,,,,
,,,,,,,,,,,,,,,
,,,,,,,,,,,,,,,
,,,,,,,,,,,,,,,
,,,,,,,,,,,,,,,
,,,,,,,,,,,,,,,
,,,,,,,,,,,,,,,
,,,,,,,,,,,,,,,
,,,,,,,,,,,,,,,
,,,,,,,,,,,,,,,
,,,,,,,,,,,,,,,
,,,,,,,,,,,,,,,
,,,,,,,,,,,,,,,
,,,,,,,,,,,,,,,
,,,,,,,,,,,,,,,
,,,,,,,,,,,,,,,
,,,,,,,,,,,,,,,
,,,,,,,,,,,,,,,
,,,,,,,,,,,,,,,
,,,,,,,,,,,,,,,
,,,,,,,,,,,,,,,
,,,,,,,,,,,,,,,
,,,,,,,,,,,,,,,
,,,,,,,,,,,,,,,
,,,,,,,,,,,,,,,
,,,,,,,,,,,,,,,
,,,,,,,,,,,,,,,
,,,,,,,,,,,,,,,
,,,,,,,,,,,,,,,
,,,,,,,,,,,,,,,
,,,,,,,,,,,,,,,
,,,,,,,,,,,,,,,
,,,,,,,,,,,,,,,
,,,,,,,,,,,,,,,
,,,,,,,,,,,,,,,
,,,,,,,,,,,,,,,
,,,,,,,,,,,,,,,
,,,,,,,,,,,,,,,
,,,,,,,,,,,,,,,
,,,,,,,,,,,,,,,
,,,,,,,,,,,,,,,
,,,,,,,,,,,,,,,
,,,,,,,,,,,,,,,
,,,,,,,,,,,,,,,
,,,,,,,,,,,,,,,
,,,,,,,,,,,,,,,
,,,,,,,,,,,,,,,
,,,,,,,,,,,,,,,
,,,,,,,,,,,,,,,
,,,,,,,,,,,,,,,
,,,,,,,,,,,,,,,
,,,,,,,,,,,,,,,
,,,,,,,,,,,,,,,
,,,,,,,,,,,,,,,
,,,,,,,,,,,,,,,
,,,,,,,,,,,,,,,
,,,,,,,,,,,,,,,
,,,,,,,,,,,,,,,
,,,,,,,,,,,,,,,
,,,,,,,,,,,,,,,
,,,,,,,,,,,,,,,
,,,,,,,,,,,,,,,
,,,,,,,,,,,,,,,
,,,,,,,,,,,,,,,
,,,,,,,,,,,,,,,
,,,,,,,,,,,,,,,
,,,,,,,,,,,,,,,
,,,,,,,,,,,,,,,
,,,,,,,,,,,,,,,
,,,,,,,,,,,,,,,
,,,,,,,,,,,,,,,
,,,,,,,,,,,,,,,
,,,,,,,,,,,,,,,
,,,,,,,,,,,,,,,
,,,,,,,,,,,,,,,
,,,,,,,,,,,,,,,
,,,,,,,,,,,,,,,
,,,,,,,,,,,,,,,
,,,,,,,,,,,,,,,
,,,,,,,,,,,,,,,
,,,,,,,,,,,,,,,
,,,,,,,,,,,,,,,
,,,,,,,,,,,,,,,
,,,,,,,,,,,,,,,
,,,,,,,,,,,,,,,
,,,,,,,,,,,,,,,
,,,,,,,,,,,,,,,
,,,,,,,,,,,,,,,
,,,,,,,,,,,,,,,
,,,,,,,,,,,,,,,
,,,,,,,,,,,,,,,
,,,,,,,,,,,,,,,
,,,,,,,,,,,,,,,
,,,,,,,,,,,,,,,
,,,,,,,,,,,,,,,
,,,,,,,,,,,,,,,
,,,,,,,,,,,,,,,
,,,,,,,,,,,,,,,
,,,,,,,,,,,,,,,
,,,,,,,,,,,,,,,
,,,,,,,,,,,,,,,
,,,,,,,,,,,,,,,
,,,,,,,,,,,,,,,
,,,,,,,,,,,,,,,
,,,,,,,,,,,,,,,
,,,,,,,,,,,,,,,
,,,,,,,,,,,,,,,
,,,,,,,,,,,,,,,
,,,,,,,,,,,,,,,
,,,,,,,,,,,,,,,
,,,,,,,,,,,,,,,
,,,,,,,,,,,,,,,
,,,,,,,,,,,,,,,
,,,,,,,,,,,,,,,
,,,,,,,,,,,,,,,
,,,,,,,,,,,,,,,
,,,,,,,,,,,,,,,
,,,,,,,,,,,,,,,
,,,,,,,,,,,,,,,
,,,,,,,,,,,,,,,
,,,,,,,,,,,,,,,
,,,,,,,,,,,,,,,
,,,,,,,,,,,,,,,
,,,,,,,,,,,,,,,
,,,,,,,,,,,,,,,
,,,,,,,,,,,,,,,
,,,,,,,,,,,,,,,
,,,,,,,,,,,,,,,
,,,,,,,,,,,,,,,
,,,,,,,,,,,,,,,
,,,,,,,,,,,,,,,
,,,,,,,,,,,,,,,
,,,,,,,,,,,,,,,
,,,,,,,,,,,,,,,
,,,,,,,,,,,,,,,
,,,,,,,,,,,,,,,
,,,,,,,,,,,,,,,
,,,,,,,,,,,,,,,
,,,,,,,,,,,,,,,
,,,,,,,,,,,,,,,
,,,,,,,,,,,,,,,
,,,,,,,,,,,,,,,
,,,,,,,,,,,,,,,
,,,,,,,,,,,,,,,
,,,,,,,,,,,,,,,
,,,,,,,,,,,,,,,
,,,,,,,,,,,,,,,
,,,,,,,,,,,,,,,
,,,,,,,,,,,,,,,
,,,,,,,,,,,,,,,
,,,,,,,,,,,,,,,
,,,,,,,,,,,,,,,
,,,,,,,,,,,,,,,
,,,,,,,,,,,,,,,
,,,,,,,,,,,,,,,
,,,,,,,,,,,,,,,
,,,,,,,,,,,,,,,
,,,,,,,,,,,,,,,
,,,,,,,,,,,,,,,
,,,,,,,,,,,,,,,
,,,,,,,,,,,,,,,
,,,,,,,,,,,,,,,
,,,,,,,,,,,,,,,
,,,,,,,,,,,,,,,
,,,,,,,,,,,,,,,
,,,,,,,,,,,,,,,
,,,,,,,,,,,,,,,
,,,,,,,,,,,,,,,
,,,,,,,,,,,,,,,
,,,,,,,,,,,,,,,
,,,,,,,,,,,,,,,
,,,,,,,,,,,,,,,
,,,,,,,,,,,,,,,
,,,,,,,,,,,,,,,
,,,,,,,,,,,,,,,
,,,,,,,,,,,,,,,
,,,,,,,,,,,,,,,
,,,,,,,,,,,,,,,
,,,,,,,,,,,,,,,
,,,,,,,,,,,,,,,
,,,,,,,,,,,,,,,
,,,,,,,,,,,,,,,
,,,,,,,,,,,,,,,
,,,,,,,,,,,,,,,
,,,,,,,,,,,,,,,
,,,,,,,,,,,,,,,
,,,,,,,,,,,,,,,
,,,,,,,,,,,,,,,
,,,,,,,,,,,,,,,
,,,,,,,,,,,,,,,
,,,,,,,,,,,,,,,
,,,,,,,,,,,,,,,
,,,,,,,,,,,,,,,
,,,,,,,,,,,,,,,
,,,,,,,,,,,,,,,
,,,,,,,,,,,,,,,
,,,,,,,,,,,,,,,
,,,,,,,,,,,,,,,
,,,,,,,,,,,,,,,
,,,,,,,,,,,,,,,
,,,,,,,,,,,,,,,
,,,,,,,,,,,,,,,
,,,,,,,,,,,,,,,
,,,,,,,,,,,,,,,
,,,,,,,,,,,,,,,
,,,,,,,,,,,,,,,
,,,,,,,,,,,,,,,
,,,,,,,,,,,,,,,
,,,,,,,,,,,,,,,
,,,,,,,,,,,,,,,
,,,,,,,,,,,,,,,
,,,,,,,,,,,,,,,
,,,,,,,,,,,,,,,
,,,,,,,,,,,,,,,
,,,,,,,,,,,,,,,
,,,,,,,,,,,,,,,
,,,,,,,,,,,,,,,
,,,,,,,,,,,,,,,
,,,,,,,,,,,,,,,
,,,,,,,,,,,,,,,
,,,,,,,,,,,,,,,
,,,,,,,,,,,,,,,
,,,,,,,,,,,,,,,
,,,,,,,,,,,,,,,
,,,,,,,,,,,,,,,
,,,,,,,,,,,,,,,
,,,,,,,,,,,,,,,
,,,,,,,,,,,,,,,
,,,,,,,,,,,,,,,
,,,,,,,,,,,,,,,
,,,,,,,,,,,,,,,
,,,,,,,,,,,,,,,
,,,,,,,,,,,,,,,
,,,,,,,,,,,,,,,
,,,,,,,,,,,,,,,
,,,,,,,,,,,,,,,
,,,,,,,,,,,,,,,
,,,,,,,,,,,,,,,
,,,,,,,,,,,,,,,
,,,,,,,,,,,,,,,
,,,,,,,,,,,,,,,
,,,,,,,,,,,,,,,
,,,,,,,,,,,,,,,
,,,,,,,,,,,,,,,
,,,,,,,,,,,,,,,
,,,,,,,,,,,,,,,
,,,,,,,,,,,,,,,
,,,,,,,,,,,,,,,
,,,,,,,,,,,,,,,
,,,,,,,,,,,,,,,
,,,,,,,,,,,,,,,
,,,,,,,,,,,,,,,
,,,,,,,,,,,,,,,
,,,,,,,,,,,,,,,
,,,,,,,,,,,,,,,
,,,,,,,,,,,,,,,
,,,,,,,,,,,,,,,
,,,,,,,,,,,,,,,
,,,,,,,,,,,,,,,
,,,,,,,,,,,,,,,
,,,,,,,,,,,,,,,
,,,,,,,,,,,,,,,
,,,,,,,,,,,,,,,
,,,,,,,,,,,,,,,
,,,,,,,,,,,,,,,
,,,,,,,,,,,,,,,
,,,,,,,,,,,,,,,
,,,,,,,,,,,,,,,
,,,,,,,,,,,,,,,
,,,,,,,,,,,,,,,
,,,,,,,,,,,,,,,
,,,,,,,,,,,,,,,
,,,,,,,,,,,,,,,
,,,,,,,,,,,,,,,
,,,,,,,,,,,,,,,
,,,,,,,,,,,,,,,
,,,,,,,,,,,,,,,
,,,,,,,,,,,,,,,
,,,,,,,,,,,,,,,
,,,,,,,,,,,,,,,
,,,,,,,,,,,,,,,
,,,,,,,,,,,,,,,
,,,,,,,,,,,,,,,
,,,,,,,,,,,,,,,
,,,,,,,,,,,,,,,
,,,,,,,,,,,,,,,
,,,,,,,,,,,,,,,
,,,,,,,,,,,,,,,
,,,,,,,,,,,,,,,
,,,,,,,,,,,,,,,
,,,,,,,,,,,,,,,
,,,,,,,,,,,,,,,
,,,,,,,,,,,,,,,
,,,,,,,,,,,,,,,
,,,,,,,,,,,,,,,
,,,,,,,,,,,,,,,
,,,,,,,,,,,,,,,
,,,,,,,,,,,,,,,
,,,,,,,,,,,,,,,
,,,,,,,,,,,,,,,
,,,,,,,,,,,,,,,
,,,,,,,,,,,,,,,
,,,,,,,,,,,,,,,
,,,,,,,,,,,,,,,
,,,,,,,,,,,,,,,
,,,,,,,,,,,,,,,
,,,,,,,,,,,,,,,
,,,,,,,,,,,,,,,
,,,,,,,,,,,,,,,
,,,,,,,,,,,,,,,
,,,,,,,,,,,,,,,
,,,,,,,,,,,,,,,
,,,,,,,,,,,,,,,
,,,,,,,,,,,,,,,
,,,,,,,,,,,,,,,
,,,,,,,,,,,,,,,
,,,,,,,,,,,,,,,
,,,,,,,,,,,,,,,
,,,,,,,,,,,,,,,
,,,,,,,,,,,,,,,
,,,,,,,,,,,,,,,
,,,,,,,,,,,,,,,
,,,,,,,,,,,,,,,
,,,,,,,,,,,,,,,
,,,,,,,,,,,,,,,
,,,,,,,,,,,,,,,
,,,,,,,,,,,,,,,
,,,,,,,,,,,,,,,
,,,,,,,,,,,,,,,
,,,,,,,,,,,,,,,
,,,,,,,,,,,,,,,
,,,,,,,,,,,,,,,
,,,,,,,,,,,,,,,
,,,,,,,,,,,,,,,
,,,,,,,,,,,,,,,
,,,,,,,,,,,,,,,
,,,,,,,,,,,,,,,
,,,,,,,,,,,,,,,
,,,,,,,,,,,,,,,
,,,,,,,,,,,,,,,
,,,,,,,,,,,,,,,
,,,,,,,,,,,,,,,
,,,,,,,,,,,,,,,
,,,,,,,,,,,,,,,
,,,,,,,,,,,,,,,
,,,,,,,,,,,,,,,
,,,,,,,,,,,,,,,
,,,,,,,,,,,,,,,
,,,,,,,,,,,,,,,
,,,,,,,,,,,,,,,
,,,,,,,,,,,,,,,
,,,,,,,,,,,,,,,
,,,,,,,,,,,,,,,
,,,,,,,,,,,,,,,
,,,,,,,,,,,,,,,
,,,,,,,,,,,,,,,
,,,,,,,,,,,,,,,
,,,,,,,,,,,,,,,
,,,,,,,,,,,,,,,
,,,,,,,,,,,,,,,
,,,,,,,,,,,,,,,
,,,,,,,,,,,,,,,
,,,,,,,,,,,,,,,
,,,,,,,,,,,,,,,
,,,,,,,,,,,,,,,
,,,,,,,,,,,,,,,
,,,,,,,,,,,,,,,
,,,,,,,,,,,,,,,
,,,,,,,,,,,,,,,
,,,,,,,,,,,,,,,
,,,,,,,,,,,,,,,
,,,,,,,,,,,,,,,
,,,,,,,,,,,,,,,
,,,,,,,,,,,,,,,
,,,,,,,,,,,,,,,
,,,,,,,,,,,,,,,
,,,,,,,,,,,,,,,
,,,,,,,,,,,,,,,
,,,,,,,,,,,,,,,
,,,,,,,,,,,,,,,
,,,,,,,,,,,,,,,
,,,,,,,,,,,,,,,
,,,,,,,,,,,,,,,
,,,,,,,,,,,,,,,
,,,,,,,,,,,,,,,
,,,,,,,,,,,,,,,
,,,,,,,,,,,,,,,
,,,,,,,,,,,,,,,
,,,,,,,,,,,,,,,
,,,,,,,,,,,,,,,
,,,,,,,,,,,,,,,
,,,,,,,,,,,,,,,
,,,,,,,,,,,,,,,
,,,,,,,,,,,,,,,
,,,,,,,,,,,,,,,
,,,,,,,,,,,,,,,
,,,,,,,,,,,,,,,
,,,,,,,,,,,,,,,
,,,,,,,,,,,,,,,
,,,,,,,,,,,,,,,
,,,,,,,,,,,,,,,
,,,,,,,,,,,,,,,
,,,,,,,,,,,,,,,
,,,,,,,,,,,,,,,
,,,,,,,,,,,,,,,
,,,,,,,,,,,,,,,
,,,,,,,,,,,,,,,
,,,,,,,,,,,,,,,
,,,,,,,,,,,,,,,
,,,,,,,,,,,,,,,
,,,,,,,,,,,,,,,
,,,,,,,,,,,,,,,
,,,,,,,,,,,,,,,
,,,,,,,,,,,,,,,
,,,,,,,,,,,,,,,
,,,,,,,,,,,,,,,
,,,,,,,,,,,,,,,
,,,,,,,,,,,,,,,
,,,,,,,,,,,,,,,
,,,,,,,,,,,,,,,
,,,,,,,,,,,,,,,
,,,,,,,,,,,,,,,
,,,,,,,,,,,,,,,
,,,,,,,,,,,,,,,
,,,,,,,,,,,,,,,
,,,,,,,,,,,,,,,
,,,,,,,,,,,,,,,
,,,,,,,,,,,,,,,
,,,,,,,,,,,,,,,
,,,,,,,,,,,,,,,
,,,,,,,,,,,,,,,
,,,,,,,,,,,,,,,
,,,,,,,,,,,,,,,
,,,,,,,,,,,,,,,
,,,,,,,,,,,,,,,
0.74,,,,,,,,,,,,,,,
